{"content":[{"assetUid":"d9269d2e-dc6a-476d-baae-421cbf4ceaaa","parentAssetUid":"bf01a7af-b17a-4821-8d9d-f78bbd3bc70b","eventTypes":[],"mediaType":"IMAGE,VIDEO","assetType":"CAMERA","coordinates":"32.720997:-117.1684"},{"assetUid":"1f2a7193-7b7b-4dfe-97cc-9988d19f5f1c","parentAssetUid":"bf01a7af-b17a-4821-8d9d-f78bbd3bc70b","eventTypes":[],"mediaType":"IMAGE,VIDEO","assetType":"CAMERA","coordinates":"32.720997:-117.1684"},{"assetUid":"18405d5c-21aa-48e7-b158-3e3361db706d","parentAssetUid":"bf01a7af-b17a-4821-8d9d-f78bbd3bc70b","eventTypes":["TFEVT"],"mediaType":"","assetType":"CAMERA","coordinates":"32.720997:-117.1684"},{"assetUid":"8441d47c-a98e-44e1-85ed-dc423ee36632","parentAssetUid":"bf01a7af-b17a-4821-8d9d-f78bbd3bc70b","eventTypes":["PEDEVT"],"mediaType":"","assetType":"CAMERA","coordinates":"32.720997:-117.1684"},{"assetUid":"a190f0b2-894c-4468-b37a-3e7a0eac9ed6","parentAssetUid":"59b94c6c-e258-43aa-b938-8d43b941a1c0","eventTypes":[],"mediaType":"IMAGE,VIDEO","assetType":"CAMERA","coordinates":"32.708744:-117.164276"},{"assetUid":"9ec5ce41-556e-4e17-b92a-40a20f2fd372","parentAssetUid":"59b94c6c-e258-43aa-b938-8d43b941a1c0","eventTypes":["TFEVT"],"mediaType":"","assetType":"CAMERA","coordinates":"32.708744:-117.164276"},{"assetUid":"70b959e3-6343-44bb-8ebd-4be6d60af421","parentAssetUid":"59b94c6c-e258-43aa-b938-8d43b941a1c0","eventTypes":[],"mediaType":"IMAGE,VIDEO","assetType":"CAMERA","coordinates":"32.708744:-117.164276"},{"assetUid":"60bdf87c-2683-4703-9856-1fb262b432d4","parentAssetUid":"f913c199-cca0-4a6a-901e-2f04356db3cc","eventTypes":[],"mediaType":"IMAGE,VIDEO","assetType":"CAMERA","coordinates":"32.706898:-117.16074"},{"assetUid":"d47fdc67-694b-41bd-b0da-1ab93b3ad2a6","parentAssetUid":"f913c199-cca0-4a6a-901e-2f04356db3cc","eventTypes":[],"mediaType":"IMAGE,VIDEO","assetType":"CAMERA","coordinates":"32.706898:-117.16074"},{"assetUid":"b1468f2c-14be-4a01-b565-88a5b045a18f","parentAssetUid":"f913c199-cca0-4a6a-901e-2f04356db3cc","eventTypes":["TFEVT"],"mediaType":"","assetType":"CAMERA","coordinates":"32.706898:-117.16074"},{"assetUid":"1e3dbc4c-d57d-40e2-9470-c59efff5841c","parentAssetUid":"8ae8b677-4778-41b2-a865-06668617196d","eventTypes":[],"mediaType":"IMAGE,VIDEO","assetType":"CAMERA","coordinates":"32.715576:-117.163895"},{"assetUid":"332b6b18-0b36-44fe-98cb-c99dcea33912","parentAssetUid":"8ae8b677-4778-41b2-a865-06668617196d","eventTypes":[],"mediaType":"IMAGE,VIDEO","assetType":"CAMERA","coordinates":"32.715576:-117.163895"},{"assetUid":"5f53e7cf-5d01-4963-9f80-e2a2a1b79569","parentAssetUid":"8ae8b677-4778-41b2-a865-06668617196d","eventTypes":["TFEVT"],"mediaType":"","assetType":"CAMERA","coordinates":"32.715576:-117.163895"},{"assetUid":"20bca78e-7d57-4c3f-b01c-e8d94e991b70","parentAssetUid":"adbc00bf-94e5-47a2-aa9b-67ded8080587","eventTypes":[],"mediaType":"IMAGE,VIDEO","assetType":"CAMERA","coordinates":"32.71135:-117.17089"},{"assetUid":"deb3a328-2871-489d-9058-7336cd9f7847","parentAssetUid":"adbc00bf-94e5-47a2-aa9b-67ded8080587","eventTypes":["TFEVT"],"mediaType":"","assetType":"CAMERA","coordinates":"32.71135:-117.17089"},{"assetUid":"bd78447a-09ab-4542-a38c-d2a6401f2ae6","parentAssetUid":"adbc00bf-94e5-47a2-aa9b-67ded8080587","eventTypes":[],"mediaType":"IMAGE,VIDEO","assetType":"CAMERA","coordinates":"32.71135:-117.17089"},{"assetUid":"9d4eb9d9-81c8-43c8-bacd-7e3574bf69ae","parentAssetUid":"358b9c41-b1ff-4b38-959b-907a50ede14c","eventTypes":[],"mediaType":"IMAGE,VIDEO","assetType":"CAMERA","coordinates":"32.715847:-117.16481"},{"assetUid":"68798e2f-10dd-4f3c-84dd-8239932673a9","parentAssetUid":"358b9c41-b1ff-4b38-959b-907a50ede14c","eventTypes":[],"mediaType":"IMAGE,VIDEO","assetType":"CAMERA","coordinates":"32.715847:-117.16481"},{"assetUid":"fa3fdf57-fc82-4447-b220-eafcd385e554","parentAssetUid":"358b9c41-b1ff-4b38-959b-907a50ede14c","eventTypes":["TFEVT"],"mediaType":"","assetType":"CAMERA","coordinates":"32.715847:-117.16481"},{"assetUid":"ddc2374a-a11e-43ea-ad20-95c2dd91aefb","parentAssetUid":"550c61f0-26e7-459e-a6b6-8e43e85f36cb","eventTypes":[],"mediaType":"IMAGE,VIDEO","assetType":"CAMERA","coordinates":"32.705833:-117.159004"},{"assetUid":"c1a43580-d6d5-4624-a366-130ddaf5b768","parentAssetUid":"550c61f0-26e7-459e-a6b6-8e43e85f36cb","eventTypes":[],"mediaType":"IMAGE,VIDEO","assetType":"CAMERA","coordinates":"32.705833:-117.159004"},{"assetUid":"2614aef2-54e5-4944-9293-cd0a6aec0dbc","parentAssetUid":"550c61f0-26e7-459e-a6b6-8e43e85f36cb","eventTypes":["TFEVT"],"mediaType":"","assetType":"CAMERA","coordinates":"32.705833:-117.159004"},{"assetUid":"d7c43141-cc66-4fd8-9c9e-74da419036e7","parentAssetUid":"b26800d2-3222-4c65-a0e3-9291bd0ce327","eventTypes":[],"mediaType":"IMAGE,VIDEO","assetType":"CAMERA","coordinates":"32.705894:-117.163315"},{"assetUid":"50d1229e-7d63-4cee-96bf-4ee50c8627b5","parentAssetUid":"b26800d2-3222-4c65-a0e3-9291bd0ce327","eventTypes":[],"mediaType":"IMAGE,VIDEO","assetType":"CAMERA","coordinates":"32.705894:-117.163315"},{"assetUid":"5fd7acca-14fc-4b9e-b0bf-5ff54be0818b","parentAssetUid":"b26800d2-3222-4c65-a0e3-9291bd0ce327","eventTypes":["TFEVT"],"mediaType":"","assetType":"CAMERA","coordinates":"32.705894:-117.163315"},{"assetUid":"300a2523-13b2-46e6-b00d-d6f33c203198","parentAssetUid":"b33246bb-e324-42bd-9fbf-6f5028f87227","eventTypes":[],"mediaType":"IMAGE,VIDEO","assetType":"CAMERA","coordinates":"32.719986:-117.16469"},{"assetUid":"79b2dacc-08b4-4984-9f06-7f2202e00979","parentAssetUid":"b33246bb-e324-42bd-9fbf-6f5028f87227","eventTypes":[],"mediaType":"IMAGE,VIDEO","assetType":"CAMERA","coordinates":"32.719986:-117.16469"},{"assetUid":"49345762-9f14-4d40-ac2c-2b114f4af73e","parentAssetUid":"b33246bb-e324-42bd-9fbf-6f5028f87227","eventTypes":["TFEVT"],"mediaType":"","assetType":"CAMERA","coordinates":"32.719986:-117.16469"},{"assetUid":"a23d8e7a-2060-4244-b106-95f456275343","parentAssetUid":"b33246bb-e324-42bd-9fbf-6f5028f87227","eventTypes":["PEDEVT"],"mediaType":"","assetType":"CAMERA","coordinates":"32.719986:-117.16469"},{"assetUid":"fb25ccc4-fb0c-4940-9cdb-a2443e3cef39","parentAssetUid":"dd890986-ab0f-430a-ba19-87c661cd9be5","eventTypes":[],"mediaType":"IMAGE,VIDEO","assetType":"CAMERA","coordinates":"32.70773:-117.162094"},{"assetUid":"4bc85fa9-d6f1-4fa9-9dd8-954baf622cd5","parentAssetUid":"dd890986-ab0f-430a-ba19-87c661cd9be5","eventTypes":[],"mediaType":"IMAGE,VIDEO","assetType":"CAMERA","coordinates":"32.70773:-117.162094"},{"assetUid":"6cb05a87-5408-45fb-8773-a303221c000b","parentAssetUid":"dd890986-ab0f-430a-ba19-87c661cd9be5","eventTypes":["TFEVT"],"mediaType":"","assetType":"CAMERA","coordinates":"32.70773:-117.162094"},{"assetUid":"2f12c2f2-34ef-4585-9d16-bb0fd371f5fd","parentAssetUid":"37d37633-ce0a-4806-9bd9-e404671d8503","eventTypes":["PEDEVT"],"mediaType":"","assetType":"CAMERA","coordinates":"32.719982:-117.16303"},{"assetUid":"d653a029-da81-45e9-8be4-e5d8179f4aaa","parentAssetUid":"37d37633-ce0a-4806-9bd9-e404671d8503","eventTypes":["PKOUT","PKIN"],"mediaType":"","assetType":"CAMERA","coordinates":"32.719982:-117.16303"},{"assetUid":"ce1f7a64-2f41-49d3-873d-4dd449075044","parentAssetUid":"37d37633-ce0a-4806-9bd9-e404671d8503","eventTypes":["TFEVT"],"mediaType":"","assetType":"CAMERA","coordinates":"32.719982:-117.16303"},{"assetUid":"1487c4e5-099a-4cd3-ab92-d20e34979b78","parentAssetUid":"37d37633-ce0a-4806-9bd9-e404671d8503","eventTypes":[],"mediaType":"IMAGE,VIDEO","assetType":"CAMERA","coordinates":"32.719982:-117.16303"},{"assetUid":"3861807d-2bd9-41c1-bcf3-762a47a0cbb0","parentAssetUid":"37d37633-ce0a-4806-9bd9-e404671d8503","eventTypes":[],"mediaType":"IMAGE,VIDEO","assetType":"CAMERA","coordinates":"32.719982:-117.16303"},{"assetUid":"c0939455-4116-4752-ac6d-5afbc7122792","parentAssetUid":"b458a977-0c97-4bb2-9e5a-e2fc9ef7e438","eventTypes":["TFEVT"],"mediaType":"","assetType":"CAMERA","coordinates":"32.715603:-117.16119"},{"assetUid":"aef856f8-5b0d-4932-a92f-42c2e32bce9a","parentAssetUid":"b458a977-0c97-4bb2-9e5a-e2fc9ef7e438","eventTypes":["PEDEVT"],"mediaType":"","assetType":"CAMERA","coordinates":"32.715603:-117.16119"},{"assetUid":"a7e8c8f1-f04b-4372-af4b-b249513a51b6","parentAssetUid":"b458a977-0c97-4bb2-9e5a-e2fc9ef7e438","eventTypes":[],"mediaType":"IMAGE,VIDEO","assetType":"CAMERA","coordinates":"32.715603:-117.16119"},{"assetUid":"4aeb3cc2-1e0d-41bf-b58f-75c6aacb0288","parentAssetUid":"b458a977-0c97-4bb2-9e5a-e2fc9ef7e438","eventTypes":[],"mediaType":"IMAGE,VIDEO","assetType":"CAMERA","coordinates":"32.715603:-117.16119"},{"assetUid":"acac737c-a5ec-4d2c-a0ec-ad9636645aef","parentAssetUid":"e61ad77f-08c8-4877-af7b-36672aa2d203","eventTypes":[],"mediaType":"IMAGE,VIDEO","assetType":"CAMERA","coordinates":"32.715824:-117.163025"},{"assetUid":"af7836a8-dccd-4cc4-af7f-b0f16808b77f","parentAssetUid":"e61ad77f-08c8-4877-af7b-36672aa2d203","eventTypes":["TFEVT"],"mediaType":"","assetType":"CAMERA","coordinates":"32.715824:-117.163025"},{"assetUid":"1aac3fa5-8354-446e-ac91-e06da5332bb6","parentAssetUid":"e61ad77f-08c8-4877-af7b-36672aa2d203","eventTypes":[],"mediaType":"IMAGE,VIDEO","assetType":"CAMERA","coordinates":"32.715824:-117.163025"},{"assetUid":"ec3e2126-f03a-4242-b724-8e50bdcb5247","parentAssetUid":"2827f2f1-b9c0-4cd1-8045-13a96be4c2ec","eventTypes":[],"mediaType":"IMAGE,VIDEO","assetType":"CAMERA","coordinates":"32.71555:-117.165504"},{"assetUid":"e514f9a5-af38-44d2-b3cc-51e8f878bd51","parentAssetUid":"2827f2f1-b9c0-4cd1-8045-13a96be4c2ec","eventTypes":["TFEVT"],"mediaType":"","assetType":"CAMERA","coordinates":"32.71555:-117.165504"},{"assetUid":"5a3fed34-c63a-49af-ac5a-643cd9e54eef","parentAssetUid":"2827f2f1-b9c0-4cd1-8045-13a96be4c2ec","eventTypes":[],"mediaType":"IMAGE,VIDEO","assetType":"CAMERA","coordinates":"32.71555:-117.165504"},{"assetUid":"bab78881-ea83-456f-888b-6b3370194c1e","parentAssetUid":"adbeee58-3995-4281-bfa7-2e4a0ebb915d","eventTypes":["TFEVT"],"mediaType":"","assetType":"CAMERA","coordinates":"32.715588:-117.16458"},{"assetUid":"2ad553e5-eddc-404f-99bb-c8e3ec7e1b2b","parentAssetUid":"adbeee58-3995-4281-bfa7-2e4a0ebb915d","eventTypes":[],"mediaType":"IMAGE,VIDEO","assetType":"CAMERA","coordinates":"32.715588:-117.16458"},{"assetUid":"8498a6fb-70a4-40b5-8547-97d7614c3736","parentAssetUid":"adbeee58-3995-4281-bfa7-2e4a0ebb915d","eventTypes":[],"mediaType":"IMAGE,VIDEO","assetType":"CAMERA","coordinates":"32.715588:-117.16458"},{"assetUid":"65cf80bd-c6b2-4617-aab1-460f3043a226","parentAssetUid":"70710163-148c-4b99-a181-4a9962933d9d","eventTypes":["TFEVT"],"mediaType":"","assetType":"CAMERA","coordinates":"32.710796:-117.16817"},{"assetUid":"a933a996-e1fe-4f1e-9669-c193e27e2f00","parentAssetUid":"70710163-148c-4b99-a181-4a9962933d9d","eventTypes":[],"mediaType":"IMAGE,VIDEO","assetType":"CAMERA","coordinates":"32.710796:-117.16817"},{"assetUid":"2cb6f9f3-154d-4103-84a1-1e1c1ae3115d","parentAssetUid":"70710163-148c-4b99-a181-4a9962933d9d","eventTypes":[],"mediaType":"IMAGE,VIDEO","assetType":"CAMERA","coordinates":"32.710796:-117.16817"},{"assetUid":"d7208b78-89a3-4323-b9b2-1246f625e7e1","parentAssetUid":"c79213b8-0226-4de2-87b1-d691c22c05c8","eventTypes":[],"mediaType":"IMAGE,VIDEO","assetType":"CAMERA","coordinates":"32.71789:-117.160995"},{"assetUid":"f9287ed7-e9c9-4516-8c1d-2560de7b5314","parentAssetUid":"c79213b8-0226-4de2-87b1-d691c22c05c8","eventTypes":[],"mediaType":"IMAGE,VIDEO","assetType":"CAMERA","coordinates":"32.71789:-117.160995"},{"assetUid":"258852f2-6459-44d2-8383-cb7adbef8d10","parentAssetUid":"c79213b8-0226-4de2-87b1-d691c22c05c8","eventTypes":["TFEVT"],"mediaType":"","assetType":"CAMERA","coordinates":"32.71789:-117.160995"},{"assetUid":"058759c4-89e1-4422-afb5-737d6ff3d157","parentAssetUid":"c79213b8-0226-4de2-87b1-d691c22c05c8","eventTypes":["PEDEVT"],"mediaType":"","assetType":"CAMERA","coordinates":"32.71789:-117.160995"},{"assetUid":"a4ea2596-0602-4d05-b31d-6328a9d65703","parentAssetUid":"02bf5587-d9c7-4097-84d5-1943729497d0","eventTypes":[],"mediaType":"IMAGE,VIDEO","assetType":"CAMERA","coordinates":"32.715836:-117.163956"},{"assetUid":"4ea4750a-74fe-4a01-9aaa-8a5a1abb723d","parentAssetUid":"02bf5587-d9c7-4097-84d5-1943729497d0","eventTypes":["TFEVT"],"mediaType":"","assetType":"CAMERA","coordinates":"32.715836:-117.163956"},{"assetUid":"996e5288-bd7d-449e-88c4-82ee8fe5b5c2","parentAssetUid":"02bf5587-d9c7-4097-84d5-1943729497d0","eventTypes":[],"mediaType":"IMAGE,VIDEO","assetType":"CAMERA","coordinates":"32.715836:-117.163956"},{"assetUid":"5107b6ac-01eb-42b6-911f-7854128fa09e","parentAssetUid":"35f77cba-8007-40f2-9b6e-72cd5ab3789d","eventTypes":[],"mediaType":"IMAGE,VIDEO","assetType":"CAMERA","coordinates":"32.705765:-117.15713"},{"assetUid":"401fd2c9-0c74-4dd6-ba5e-f80cbcfae636","parentAssetUid":"35f77cba-8007-40f2-9b6e-72cd5ab3789d","eventTypes":[],"mediaType":"IMAGE,VIDEO","assetType":"CAMERA","coordinates":"32.705765:-117.15713"},{"assetUid":"4d84c7b7-4058-4c87-859d-d3c5df2df62e","parentAssetUid":"35f77cba-8007-40f2-9b6e-72cd5ab3789d","eventTypes":["TFEVT"],"mediaType":"","assetType":"CAMERA","coordinates":"32.705765:-117.15713"},{"assetUid":"7da9be92-1de3-4873-b484-92ac44ef8adb","parentAssetUid":"d024b48e-1be8-4e61-87ed-42e87786bd2e","eventTypes":[],"mediaType":"IMAGE,VIDEO","assetType":"CAMERA","coordinates":"32.715824:-117.16574"},{"assetUid":"3c5ab128-5f31-4470-8907-ef1dc6885be1","parentAssetUid":"d024b48e-1be8-4e61-87ed-42e87786bd2e","eventTypes":["TFEVT"],"mediaType":"","assetType":"CAMERA","coordinates":"32.715824:-117.16574"},{"assetUid":"1376f7f0-635e-4975-a592-5106c2c431f7","parentAssetUid":"d024b48e-1be8-4e61-87ed-42e87786bd2e","eventTypes":[],"mediaType":"IMAGE,VIDEO","assetType":"CAMERA","coordinates":"32.715824:-117.16574"},{"assetUid":"2ab429d7-1148-40c5-84a5-f934ea124e03","parentAssetUid":"4934e396-a98b-44a1-897f-5ebb24848d8e","eventTypes":["PKIN","PKOUT"],"mediaType":"","assetType":"CAMERA","coordinates":"32.719784:-117.16303"},{"assetUid":"76bded03-dea1-4d28-8ec0-b7c714574eb3","parentAssetUid":"f7852268-ca43-4f52-9282-410945085fb5","eventTypes":["TFEVT"],"mediaType":"","assetType":"CAMERA","coordinates":"32.719986:-117.162834"},{"assetUid":"910595c9-c3f2-474b-b123-d5a07f0d589b","parentAssetUid":"f7852268-ca43-4f52-9282-410945085fb5","eventTypes":["PEDEVT"],"mediaType":"","assetType":"CAMERA","coordinates":"32.719986:-117.162834"},{"assetUid":"77b1a15e-cd68-4612-ae2b-48bbcb28841f","parentAssetUid":"f7852268-ca43-4f52-9282-410945085fb5","eventTypes":[],"mediaType":"IMAGE,VIDEO","assetType":"CAMERA","coordinates":"32.719986:-117.162834"},{"assetUid":"f20b2e3d-2fee-4ff8-a4d7-9b2520d5d512","parentAssetUid":"f7852268-ca43-4f52-9282-410945085fb5","eventTypes":[],"mediaType":"IMAGE,VIDEO","assetType":"CAMERA","coordinates":"32.719986:-117.162834"},{"assetUid":"bfa8fd79-09b2-4032-80d3-cdd4aed4ad25","parentAssetUid":"300e0c72-ebb9-4069-b68c-237f4fc91bc0","eventTypes":["TFEVT"],"mediaType":"","assetType":"CAMERA","coordinates":"32.71994:-117.1649"},{"assetUid":"acf5c2a2-47c6-461b-a2ad-7b028f051d9d","parentAssetUid":"300e0c72-ebb9-4069-b68c-237f4fc91bc0","eventTypes":[],"mediaType":"IMAGE,VIDEO","assetType":"CAMERA","coordinates":"32.71994:-117.1649"},{"assetUid":"d1446ca0-5f96-4eb5-b84b-943cf9d3a5c7","parentAssetUid":"300e0c72-ebb9-4069-b68c-237f4fc91bc0","eventTypes":[],"mediaType":"IMAGE,VIDEO","assetType":"CAMERA","coordinates":"32.71994:-117.1649"},{"assetUid":"88728a10-8c6a-445e-83c6-a7204b6b831d","parentAssetUid":"4934e396-a98b-44a1-897f-5ebb24848d8e","eventTypes":["TFEVT"],"mediaType":"","assetType":"CAMERA","coordinates":"32.719784:-117.16303"},{"assetUid":"aa521a33-9070-482b-8dbf-3ad87cd7716c","parentAssetUid":"4934e396-a98b-44a1-897f-5ebb24848d8e","eventTypes":[],"mediaType":"IMAGE,VIDEO","assetType":"CAMERA","coordinates":"32.719784:-117.16303"},{"assetUid":"d765e4b2-214d-4574-baec-a623307867e3","parentAssetUid":"4934e396-a98b-44a1-897f-5ebb24848d8e","eventTypes":[],"mediaType":"IMAGE,VIDEO","assetType":"CAMERA","coordinates":"32.719784:-117.16303"},{"assetUid":"f8df588a-4a2b-40b5-b919-b3a2851763e1","parentAssetUid":"4934e396-a98b-44a1-897f-5ebb24848d8e","eventTypes":["PKIN","PKOUT"],"mediaType":"","assetType":"CAMERA","coordinates":"32.719784:-117.16303"},{"assetUid":"6b18500d-6bd2-4d33-a44b-9718ee427673","parentAssetUid":"5d32a138-a776-4390-b595-f70da0ab4341","eventTypes":["TFEVT"],"mediaType":"","assetType":"CAMERA","coordinates":"32.71791:-117.1619"},{"assetUid":"8480d64d-35b8-4a87-9554-8e85fcbafc78","parentAssetUid":"5d32a138-a776-4390-b595-f70da0ab4341","eventTypes":["PEDEVT"],"mediaType":"","assetType":"CAMERA","coordinates":"32.71791:-117.1619"},{"assetUid":"792a2a5e-4cbf-4c09-937f-1a12b00c8623","parentAssetUid":"5d32a138-a776-4390-b595-f70da0ab4341","eventTypes":[],"mediaType":"IMAGE,VIDEO","assetType":"CAMERA","coordinates":"32.71791:-117.1619"},{"assetUid":"9ab07eae-124a-48b3-b533-f98384db6e47","parentAssetUid":"5d32a138-a776-4390-b595-f70da0ab4341","eventTypes":[],"mediaType":"IMAGE,VIDEO","assetType":"CAMERA","coordinates":"32.71791:-117.1619"},{"assetUid":"bef2291c-7256-491c-97a7-5bf17f2973f3","parentAssetUid":"2e9c1192-bdc7-4189-a794-3d05bf3373e3","eventTypes":[],"mediaType":"IMAGE,VIDEO","assetType":"CAMERA","coordinates":"32.715607:-117.1637"},{"assetUid":"522de83f-e524-4f76-80f0-463d3815b7a4","parentAssetUid":"2e9c1192-bdc7-4189-a794-3d05bf3373e3","eventTypes":["TFEVT"],"mediaType":"","assetType":"CAMERA","coordinates":"32.715607:-117.1637"},{"assetUid":"42c482f7-5b28-473a-896f-65752e3b1849","parentAssetUid":"2e9c1192-bdc7-4189-a794-3d05bf3373e3","eventTypes":[],"mediaType":"IMAGE,VIDEO","assetType":"CAMERA","coordinates":"32.715607:-117.1637"},{"assetUid":"4b429c2e-0664-496b-9250-769d11907fcd","parentAssetUid":"4dc93c88-9c5b-4ac0-b736-c2c8bc7e8852","eventTypes":["TFEVT"],"mediaType":"","assetType":"CAMERA","coordinates":"32.71162:-117.17087"},{"assetUid":"1e6edfaa-b04b-488a-a968-a8a110318123","parentAssetUid":"4dc93c88-9c5b-4ac0-b736-c2c8bc7e8852","eventTypes":["PEDEVT"],"mediaType":"","assetType":"CAMERA","coordinates":"32.71162:-117.17087"},{"assetUid":"9b64104a-6f49-4163-b359-9394eee5ae9a","parentAssetUid":"4dc93c88-9c5b-4ac0-b736-c2c8bc7e8852","eventTypes":[],"mediaType":"IMAGE,VIDEO","assetType":"CAMERA","coordinates":"32.71162:-117.17087"},{"assetUid":"25576a9b-d825-47e3-9ffb-f8505de278e3","parentAssetUid":"4dc93c88-9c5b-4ac0-b736-c2c8bc7e8852","eventTypes":[],"mediaType":"IMAGE,VIDEO","assetType":"CAMERA","coordinates":"32.71162:-117.17087"},{"assetUid":"cab862bf-40cb-4562-bffa-3f9ffc4ed920","parentAssetUid":"dfd0a75a-0df5-405c-968d-4a2b3aba4ab9","eventTypes":["TFEVT"],"mediaType":"","assetType":"CAMERA","coordinates":"32.722054:-117.16909"},{"assetUid":"762b9bbf-e7ba-4d82-aacd-960e9fbd509b","parentAssetUid":"dfd0a75a-0df5-405c-968d-4a2b3aba4ab9","eventTypes":["PEDEVT"],"mediaType":"","assetType":"CAMERA","coordinates":"32.722054:-117.16909"},{"assetUid":"37c53a00-b050-4d19-b410-62b02deef7f2","parentAssetUid":"dfd0a75a-0df5-405c-968d-4a2b3aba4ab9","eventTypes":["PKIN","PKOUT"],"mediaType":"","assetType":"CAMERA","coordinates":"32.722054:-117.16909"},{"assetUid":"f14ca967-0f2e-4517-83ea-893eef8f3eff","parentAssetUid":"dfd0a75a-0df5-405c-968d-4a2b3aba4ab9","eventTypes":["PKOUT","PKIN"],"mediaType":"","assetType":"CAMERA","coordinates":"32.722054:-117.16909"},{"assetUid":"b449fc81-0a18-4fde-990c-ea82f5031dbe","parentAssetUid":"dfd0a75a-0df5-405c-968d-4a2b3aba4ab9","eventTypes":[],"mediaType":"IMAGE,VIDEO","assetType":"CAMERA","coordinates":"32.722054:-117.16909"},{"assetUid":"87c826a2-52ff-43d7-8a52-24926f201872","parentAssetUid":"dfd0a75a-0df5-405c-968d-4a2b3aba4ab9","eventTypes":[],"mediaType":"IMAGE,VIDEO","assetType":"CAMERA","coordinates":"32.722054:-117.16909"},{"assetUid":"175ccba9-b854-45b0-84de-35c11a1d2391","parentAssetUid":"c5c5e027-de1a-4c22-a230-87200753823a","eventTypes":["TFEVT"],"mediaType":"","assetType":"CAMERA","coordinates":"32.719772:-117.1619"},{"assetUid":"66f0423e-7ff8-40cd-80e6-1a1b39d2c034","parentAssetUid":"c5c5e027-de1a-4c22-a230-87200753823a","eventTypes":["PEDEVT"],"mediaType":"","assetType":"CAMERA","coordinates":"32.719772:-117.1619"},{"assetUid":"ce286c30-4d7b-4820-8c27-1f760b244887","parentAssetUid":"c5c5e027-de1a-4c22-a230-87200753823a","eventTypes":["PKOUT","PKIN"],"mediaType":"","assetType":"CAMERA","coordinates":"32.719772:-117.1619"},{"assetUid":"9079167d-e723-411b-94e2-8dc8be5875d8","parentAssetUid":"c5c5e027-de1a-4c22-a230-87200753823a","eventTypes":[],"mediaType":"IMAGE,VIDEO","assetType":"CAMERA","coordinates":"32.719772:-117.1619"},{"assetUid":"a0905c93-a933-4793-b049-5d1d5ee9a599","parentAssetUid":"c5c5e027-de1a-4c22-a230-87200753823a","eventTypes":[],"mediaType":"IMAGE,VIDEO","assetType":"CAMERA","coordinates":"32.719772:-117.1619"},{"assetUid":"801be9fc-7bb7-40e7-b810-1d26ea617e89","parentAssetUid":"d6289dfa-a7a1-426c-bfbf-e648553a0aeb","eventTypes":[],"mediaType":"IMAGE,VIDEO","assetType":"CAMERA","coordinates":"32.722893:-117.16927"},{"assetUid":"173ca6d9-5974-4a57-9c62-5bafe221e49c","parentAssetUid":"d6289dfa-a7a1-426c-bfbf-e648553a0aeb","eventTypes":["TFEVT"],"mediaType":"","assetType":"CAMERA","coordinates":"32.722893:-117.16927"},{"assetUid":"c8b5302a-9a05-463e-9722-661499cd70f8","parentAssetUid":"d6289dfa-a7a1-426c-bfbf-e648553a0aeb","eventTypes":["PEDEVT"],"mediaType":"","assetType":"CAMERA","coordinates":"32.722893:-117.16927"},{"assetUid":"fb2cc986-6613-4227-89e1-8257039833e6","parentAssetUid":"d6289dfa-a7a1-426c-bfbf-e648553a0aeb","eventTypes":[],"mediaType":"IMAGE,VIDEO","assetType":"CAMERA","coordinates":"32.722893:-117.16927"},{"assetUid":"79c05ae4-de64-416f-bc3a-197d6ad5d1e8","parentAssetUid":"86d3ba9c-cf2e-4179-b16f-e02dcce14688","eventTypes":[],"mediaType":"IMAGE,VIDEO","assetType":"CAMERA","coordinates":"32.729145:-117.19533"},{"assetUid":"289463c8-8db7-4d05-9900-779695f785bb","parentAssetUid":"86d3ba9c-cf2e-4179-b16f-e02dcce14688","eventTypes":[],"mediaType":"IMAGE,VIDEO","assetType":"CAMERA","coordinates":"32.729145:-117.19533"},{"assetUid":"586183fd-da29-47d3-b39f-dcf9b45d0dce","parentAssetUid":"86d3ba9c-cf2e-4179-b16f-e02dcce14688","eventTypes":["TFEVT"],"mediaType":"","assetType":"CAMERA","coordinates":"32.729145:-117.19533"},{"assetUid":"30a8eaee-56dc-4b4b-8d71-628e038b9839","parentAssetUid":"7076b08b-3481-437d-9f20-9155ce17606a","eventTypes":[],"mediaType":"IMAGE,VIDEO","assetType":"CAMERA","coordinates":"32.721863:-117.16905"},{"assetUid":"8883fb17-6d63-443d-a737-733210bc9396","parentAssetUid":"7076b08b-3481-437d-9f20-9155ce17606a","eventTypes":["TFEVT"],"mediaType":"","assetType":"CAMERA","coordinates":"32.721863:-117.16905"},{"assetUid":"4dad37a8-1169-42c0-a106-9d80ce0b5372","parentAssetUid":"7076b08b-3481-437d-9f20-9155ce17606a","eventTypes":[],"mediaType":"IMAGE,VIDEO","assetType":"CAMERA","coordinates":"32.721863:-117.16905"},{"assetUid":"ebd32b8a-4c86-4836-8b48-d8397317ca46","parentAssetUid":"7d4204c8-a062-41cd-941f-b968d0eba8ce","eventTypes":[],"mediaType":"IMAGE,VIDEO","assetType":"CAMERA","coordinates":"32.715824:-117.16278"},{"assetUid":"4a2d5867-1bde-47c9-ad13-261bae2d2c9f","parentAssetUid":"7d4204c8-a062-41cd-941f-b968d0eba8ce","eventTypes":[],"mediaType":"IMAGE,VIDEO","assetType":"CAMERA","coordinates":"32.715824:-117.16278"},{"assetUid":"016b0521-fc0d-489c-b78a-fdde13bafd70","parentAssetUid":"ba3c76e1-b9b0-4a11-bb74-02f75006e959","eventTypes":[],"mediaType":"IMAGE,VIDEO","assetType":"CAMERA","coordinates":"32.729164:-117.18775"},{"assetUid":"3b285d50-6e60-4bbc-8596-8c599128156e","parentAssetUid":"ba3c76e1-b9b0-4a11-bb74-02f75006e959","eventTypes":["TFEVT"],"mediaType":"","assetType":"CAMERA","coordinates":"32.729164:-117.18775"},{"assetUid":"9ccb660c-7e62-494b-82bf-ecd17495258c","parentAssetUid":"ba3c76e1-b9b0-4a11-bb74-02f75006e959","eventTypes":[],"mediaType":"IMAGE,VIDEO","assetType":"CAMERA","coordinates":"32.729164:-117.18775"},{"assetUid":"9eae112d-3f74-49e4-beea-f5f18afb1814","parentAssetUid":"3a1c5343-5a19-4f09-94be-e31be97b1f62","eventTypes":[],"mediaType":"IMAGE,VIDEO","assetType":"CAMERA","coordinates":"32.729195:-117.209076"},{"assetUid":"caf8db5d-b053-4d35-9e17-71a29fdb0e66","parentAssetUid":"3a1c5343-5a19-4f09-94be-e31be97b1f62","eventTypes":[],"mediaType":"IMAGE,VIDEO","assetType":"CAMERA","coordinates":"32.729195:-117.209076"},{"assetUid":"d569c249-8cee-4772-93e8-3e679682f43d","parentAssetUid":"3a1c5343-5a19-4f09-94be-e31be97b1f62","eventTypes":["TFEVT"],"mediaType":"","assetType":"CAMERA","coordinates":"32.729195:-117.209076"},{"assetUid":"2e8b9f72-f945-4101-81d9-1a9b41ed94c1","parentAssetUid":"a8f6c38b-addc-4a4a-8b7b-1c506022a477","eventTypes":[],"mediaType":"IMAGE,VIDEO","assetType":"CAMERA","coordinates":"32.728886:-117.20898"},{"assetUid":"b5a5cf14-bd49-4488-a18c-ca1f79989879","parentAssetUid":"a8f6c38b-addc-4a4a-8b7b-1c506022a477","eventTypes":[],"mediaType":"IMAGE,VIDEO","assetType":"CAMERA","coordinates":"32.728886:-117.20898"},{"assetUid":"b5604f1c-4b92-45e3-83a6-3c52babea3c4","parentAssetUid":"a8f6c38b-addc-4a4a-8b7b-1c506022a477","eventTypes":["TFEVT"],"mediaType":"","assetType":"CAMERA","coordinates":"32.728886:-117.20898"},{"assetUid":"2888728f-6a5c-4074-8082-9509c1f1fabc","parentAssetUid":"7d4204c8-a062-41cd-941f-b968d0eba8ce","eventTypes":["TFEVT"],"mediaType":"","assetType":"CAMERA","coordinates":"32.715824:-117.16278"},{"assetUid":"cecebd0b-9a6e-4e60-b0fb-90b062637000","parentAssetUid":"7a8dcb79-b64f-44ed-8961-e988a6209186","eventTypes":[],"mediaType":"IMAGE,VIDEO","assetType":"CAMERA","coordinates":"32.719982:-117.161934"},{"assetUid":"94685fd8-fb18-4f0a-942e-209f28bec7dd","parentAssetUid":"7a8dcb79-b64f-44ed-8961-e988a6209186","eventTypes":[],"mediaType":"IMAGE,VIDEO","assetType":"CAMERA","coordinates":"32.719982:-117.161934"},{"assetUid":"a6c20c81-ead0-4121-9138-0d004b7cc17b","parentAssetUid":"7a8dcb79-b64f-44ed-8961-e988a6209186","eventTypes":["TFEVT"],"mediaType":"","assetType":"CAMERA","coordinates":"32.719982:-117.161934"},{"assetUid":"bb512d0c-e1e8-4331-bdd0-68f7f440623d","parentAssetUid":"7a8dcb79-b64f-44ed-8961-e988a6209186","eventTypes":["PEDEVT"],"mediaType":"","assetType":"CAMERA","coordinates":"32.719982:-117.161934"},{"assetUid":"90abcb3b-a018-4987-bd47-e97a89fb272e","parentAssetUid":"d0cfdb05-59c3-4c48-ae82-12f1780b5319","eventTypes":[],"mediaType":"IMAGE,VIDEO","assetType":"CAMERA","coordinates":"32.719784:-117.16371"},{"assetUid":"0511e14b-8be4-44f2-8c2d-28ecbcae77c2","parentAssetUid":"d0cfdb05-59c3-4c48-ae82-12f1780b5319","eventTypes":["TFEVT"],"mediaType":"","assetType":"CAMERA","coordinates":"32.719784:-117.16371"},{"assetUid":"358117c4-9501-4137-b9f2-f9fb1ddc846b","parentAssetUid":"d0cfdb05-59c3-4c48-ae82-12f1780b5319","eventTypes":[],"mediaType":"IMAGE,VIDEO","assetType":"CAMERA","coordinates":"32.719784:-117.16371"},{"assetUid":"ef13edb9-8f35-4c6b-a7b7-2acf4baa1d2d","parentAssetUid":"b2e4e7fe-4bc4-4b84-af74-ba5ace3bafa4","eventTypes":["TFEVT"],"mediaType":"","assetType":"CAMERA","coordinates":"32.723076:-117.16907"},{"assetUid":"92eb0de9-559d-4b90-93dc-0cec54fd251b","parentAssetUid":"b2e4e7fe-4bc4-4b84-af74-ba5ace3bafa4","eventTypes":[],"mediaType":"IMAGE,VIDEO","assetType":"CAMERA","coordinates":"32.723076:-117.16907"},{"assetUid":"e3da8bd8-1ffb-4629-b1f2-34584914e9e6","parentAssetUid":"b2e4e7fe-4bc4-4b84-af74-ba5ace3bafa4","eventTypes":[],"mediaType":"IMAGE,VIDEO","assetType":"CAMERA","coordinates":"32.723076:-117.16907"},{"assetUid":"0a97b8ce-96d3-4fe8-9c71-767f218aa02b","parentAssetUid":"96dc3d09-2462-4753-93f9-bac15ab18bc3","eventTypes":[],"mediaType":"IMAGE,VIDEO","assetType":"CAMERA","coordinates":"32.71978:-117.1621"},{"assetUid":"de5c1f67-8700-447e-a702-8763390c852b","parentAssetUid":"96dc3d09-2462-4753-93f9-bac15ab18bc3","eventTypes":[],"mediaType":"IMAGE,VIDEO","assetType":"CAMERA","coordinates":"32.71978:-117.1621"},{"assetUid":"8be20f04-55b4-4266-9549-44af6aba772b","parentAssetUid":"96dc3d09-2462-4753-93f9-bac15ab18bc3","eventTypes":["TFEVT"],"mediaType":"","assetType":"CAMERA","coordinates":"32.71978:-117.1621"},{"assetUid":"e4443e1f-f3b1-45bd-92fc-3fe6d8cd0a73","parentAssetUid":"96dc3d09-2462-4753-93f9-bac15ab18bc3","eventTypes":["PEDEVT"],"mediaType":"","assetType":"CAMERA","coordinates":"32.71978:-117.1621"},{"assetUid":"55cfe1f1-f2e7-41f4-8fa1-a80a9c2cb286","parentAssetUid":"64c9d642-233e-4292-a1d8-1a4ad1d7787a","eventTypes":[],"mediaType":"IMAGE,VIDEO","assetType":"CAMERA","coordinates":"32.717896:-117.16392"},{"assetUid":"88376ec7-6ef2-4771-8a94-cfcbf65f37a3","parentAssetUid":"64c9d642-233e-4292-a1d8-1a4ad1d7787a","eventTypes":[],"mediaType":"IMAGE,VIDEO","assetType":"CAMERA","coordinates":"32.717896:-117.16392"},{"assetUid":"06ff19e5-db1e-4831-bce1-96334dc544e8","parentAssetUid":"64c9d642-233e-4292-a1d8-1a4ad1d7787a","eventTypes":["TFEVT"],"mediaType":"","assetType":"CAMERA","coordinates":"32.717896:-117.16392"},{"assetUid":"56c7c789-45c7-4e1c-a8dc-fd6885aca5e6","parentAssetUid":"357df543-b76b-47ff-8490-cc0aa810094c","eventTypes":[],"mediaType":"IMAGE,VIDEO","assetType":"CAMERA","coordinates":"32.728416:-117.1843"},{"assetUid":"92e96a0d-794b-4aa9-b366-18ac091a3eb8","parentAssetUid":"357df543-b76b-47ff-8490-cc0aa810094c","eventTypes":["TFEVT"],"mediaType":"","assetType":"CAMERA","coordinates":"32.728416:-117.1843"},{"assetUid":"cc18cc76-9fef-44de-84fd-16082dab6acc","parentAssetUid":"357df543-b76b-47ff-8490-cc0aa810094c","eventTypes":[],"mediaType":"IMAGE,VIDEO","assetType":"CAMERA","coordinates":"32.728416:-117.1843"},{"assetUid":"4d0b11ef-c4f7-473a-86d2-790ab3984b98","parentAssetUid":"76eeaec5-3cd5-4363-acee-9b0558910431","eventTypes":["TFEVT"],"mediaType":"","assetType":"CAMERA","coordinates":"32.72938:-117.19097"},{"assetUid":"ed215798-cbe2-49d9-b53d-0a44df780410","parentAssetUid":"76eeaec5-3cd5-4363-acee-9b0558910431","eventTypes":[],"mediaType":"IMAGE,VIDEO","assetType":"CAMERA","coordinates":"32.72938:-117.19097"},{"assetUid":"0bdc0557-e6b9-4d1f-a6be-be26df2ee2ed","parentAssetUid":"76eeaec5-3cd5-4363-acee-9b0558910431","eventTypes":[],"mediaType":"IMAGE,VIDEO","assetType":"CAMERA","coordinates":"32.72938:-117.19097"},{"assetUid":"f1633dfe-5c92-4abf-ba82-90b468f63a4f","parentAssetUid":"cdf0bfca-46ab-47e0-b7ed-35f8050c87e2","eventTypes":[],"mediaType":"IMAGE,VIDEO","assetType":"CAMERA","coordinates":"32.72871:-117.18417"},{"assetUid":"cf201c91-408e-4dd8-ad29-ede580259784","parentAssetUid":"cdf0bfca-46ab-47e0-b7ed-35f8050c87e2","eventTypes":[],"mediaType":"IMAGE,VIDEO","assetType":"CAMERA","coordinates":"32.72871:-117.18417"},{"assetUid":"54ef23de-56b0-494b-9d32-d54067596b57","parentAssetUid":"cdf0bfca-46ab-47e0-b7ed-35f8050c87e2","eventTypes":["TFEVT"],"mediaType":"","assetType":"CAMERA","coordinates":"32.72871:-117.18417"},{"assetUid":"19408e64-03d4-4502-8fe0-efb2f65cadde","parentAssetUid":"b458a977-0c97-4bb2-9e5a-e2fc9ef7e438","eventTypes":["PKIN","PKOUT"],"mediaType":"","assetType":"CAMERA","coordinates":"32.715603:-117.16119"},{"assetUid":"321515ca-ef9c-437f-89d3-3ba3ed3121e8","parentAssetUid":"cdf0bfca-46ab-47e0-b7ed-35f8050c87e2","eventTypes":["PEDEVT"],"mediaType":"","assetType":"CAMERA","coordinates":"32.72871:-117.18417"},{"assetUid":"ad446b5f-c8d5-4bfb-a707-25c194e4d979","parentAssetUid":"a43e93b0-3af0-4e23-b900-03cc3b7faa51","eventTypes":[],"mediaType":"IMAGE,VIDEO","assetType":"CAMERA","coordinates":"32.71584:-117.16662"},{"assetUid":"18ac8a5c-a3e6-4745-9902-970fee357c16","parentAssetUid":"a43e93b0-3af0-4e23-b900-03cc3b7faa51","eventTypes":[],"mediaType":"IMAGE,VIDEO","assetType":"CAMERA","coordinates":"32.71584:-117.16662"},{"assetUid":"e2a440ef-5bae-433e-97d9-aa9b07b93605","parentAssetUid":"a43e93b0-3af0-4e23-b900-03cc3b7faa51","eventTypes":["TFEVT"],"mediaType":"","assetType":"CAMERA","coordinates":"32.71584:-117.16662"},{"assetUid":"7bee3788-e862-4c0e-9f79-b95e24676023","parentAssetUid":"a43e93b0-3af0-4e23-b900-03cc3b7faa51","eventTypes":["PEDEVT"],"mediaType":"","assetType":"CAMERA","coordinates":"32.71584:-117.16662"},{"assetUid":"67a04f20-3474-4dfc-b18e-468f3e1d45cc","parentAssetUid":"d6289dfa-a7a1-426c-bfbf-e648553a0aeb","eventTypes":["PKIN","PKOUT"],"mediaType":"","assetType":"CAMERA","coordinates":"32.722893:-117.16927"},{"assetUid":"94841cc2-1f1e-45e7-a6e5-2c3522b7a2dc","parentAssetUid":"c5c5e027-de1a-4c22-a230-87200753823a","eventTypes":["PKIN","PKOUT"],"mediaType":"","assetType":"CAMERA","coordinates":"32.719772:-117.1619"},{"assetUid":"bd650625-563a-49ac-9a3b-87bda3aa14ec","parentAssetUid":"5d32a138-a776-4390-b595-f70da0ab4341","eventTypes":["PKOUT","PKIN"],"mediaType":"","assetType":"CAMERA","coordinates":"32.71791:-117.1619"},{"assetUid":"7297c77d-7bcf-452e-a65e-26b5cae5a858","parentAssetUid":"7a8dcb79-b64f-44ed-8961-e988a6209186","eventTypes":["PKIN","PKOUT"],"mediaType":"","assetType":"CAMERA","coordinates":"32.719982:-117.161934"},{"assetUid":"7bcc99db-2b25-4d60-addc-f558396cf78b","parentAssetUid":"2e9c1192-bdc7-4189-a794-3d05bf3373e3","eventTypes":["PEDEVT"],"mediaType":"","assetType":"CAMERA","coordinates":"32.715607:-117.1637"},{"assetUid":"a4a91d07-0de1-4f3f-9242-7cfee23ce13e","parentAssetUid":"37d37633-ce0a-4806-9bd9-e404671d8503","eventTypes":["PKIN","PKOUT"],"mediaType":"","assetType":"CAMERA","coordinates":"32.719982:-117.16303"},{"assetUid":"4ec66b5b-d97c-4eb0-a168-5c019e0815fb","parentAssetUid":"adbeee58-3995-4281-bfa7-2e4a0ebb915d","eventTypes":["PEDEVT"],"mediaType":"","assetType":"CAMERA","coordinates":"32.715588:-117.16458"},{"assetUid":"8a97ecf7-06a5-4e36-9520-6a7d38c60d30","parentAssetUid":"8ae8b677-4778-41b2-a865-06668617196d","eventTypes":["PEDEVT"],"mediaType":"","assetType":"CAMERA","coordinates":"32.715576:-117.163895"},{"assetUid":"7c41ce80-3d5b-4e4b-8d0a-9cc455178f9d","parentAssetUid":"300e0c72-ebb9-4069-b68c-237f4fc91bc0","eventTypes":["PEDEVT"],"mediaType":"","assetType":"CAMERA","coordinates":"32.71994:-117.1649"},{"assetUid":"40be705d-f69f-4fa2-8ea8-d79e07e4c319","parentAssetUid":"f7852268-ca43-4f52-9282-410945085fb5","eventTypes":["PKOUT","PKIN"],"mediaType":"","assetType":"CAMERA","coordinates":"32.719986:-117.162834"},{"assetUid":"624caabe-1b2c-4c03-8646-323e1afb1a6a","parentAssetUid":"2827f2f1-b9c0-4cd1-8045-13a96be4c2ec","eventTypes":["PEDEVT"],"mediaType":"","assetType":"CAMERA","coordinates":"32.71555:-117.165504"},{"assetUid":"cb04afa9-34e2-4f9d-90cc-cbad49c5f80a","parentAssetUid":"098cdb6a-a386-4855-9d87-af3115ef0b04","eventTypes":[],"mediaType":"IMAGE,VIDEO","assetType":"CAMERA","coordinates":"32.71585:-117.1637"},{"assetUid":"14858ce7-965b-4d61-816c-87d408bf1951","parentAssetUid":"098cdb6a-a386-4855-9d87-af3115ef0b04","eventTypes":[],"mediaType":"IMAGE,VIDEO","assetType":"CAMERA","coordinates":"32.71585:-117.1637"},{"assetUid":"8ceb212f-37be-4a9b-b912-dcf25fdf98c3","parentAssetUid":"d0cfdb05-59c3-4c48-ae82-12f1780b5319","eventTypes":["PEDEVT"],"mediaType":"","assetType":"CAMERA","coordinates":"32.719784:-117.16371"},{"assetUid":"ad4247c6-19d2-4953-8e44-120a0ceb15e1","parentAssetUid":"64c9d642-233e-4292-a1d8-1a4ad1d7787a","eventTypes":["PEDEVT"],"mediaType":"","assetType":"CAMERA","coordinates":"32.717896:-117.16392"},{"assetUid":"565447bc-bcd0-4cfe-b9f9-2b927403b191","parentAssetUid":"c79213b8-0226-4de2-87b1-d691c22c05c8","eventTypes":["PKIN","PKOUT"],"mediaType":"","assetType":"CAMERA","coordinates":"32.71789:-117.160995"},{"assetUid":"483743e6-cb7d-4651-9dca-e789b48c6d86","parentAssetUid":"96dc3d09-2462-4753-93f9-bac15ab18bc3","eventTypes":["PKIN","PKOUT"],"mediaType":"","assetType":"CAMERA","coordinates":"32.71978:-117.1621"},{"assetUid":"db7dd60b-3c8b-46f9-9de8-fce918edb9d7","parentAssetUid":"b33246bb-e324-42bd-9fbf-6f5028f87227","eventTypes":["PKIN","PKOUT"],"mediaType":"","assetType":"CAMERA","coordinates":"32.719986:-117.16469"},{"assetUid":"c4c6b87b-18b2-44ed-ba32-eb754da2cf93","parentAssetUid":"d024b48e-1be8-4e61-87ed-42e87786bd2e","eventTypes":["PEDEVT"],"mediaType":"","assetType":"CAMERA","coordinates":"32.715824:-117.16574"},{"assetUid":"d34c6d79-a3fe-4aca-93d7-0f1b668f5b02","parentAssetUid":"4dc93c88-9c5b-4ac0-b736-c2c8bc7e8852","eventTypes":["PKIN","PKOUT"],"mediaType":"","assetType":"CAMERA","coordinates":"32.71162:-117.17087"},{"assetUid":"e30f3093-890a-4e15-b8b8-2d149ca0903f","parentAssetUid":"4dc93c88-9c5b-4ac0-b736-c2c8bc7e8852","eventTypes":["PKIN","PKOUT"],"mediaType":"","assetType":"CAMERA","coordinates":"32.71162:-117.17087"},{"assetUid":"7965f699-1fa5-4541-a489-9ff5f4edb6d7","parentAssetUid":"70710163-148c-4b99-a181-4a9962933d9d","eventTypes":["PEDEVT"],"mediaType":"","assetType":"CAMERA","coordinates":"32.710796:-117.16817"},{"assetUid":"de7ea570-1e23-4317-a620-66327bc66fcf","parentAssetUid":"3a1c5343-5a19-4f09-94be-e31be97b1f62","eventTypes":["PEDEVT"],"mediaType":"","assetType":"CAMERA","coordinates":"32.729195:-117.209076"},{"assetUid":"4a58ceb4-3490-4efa-ac55-f5848e600376","parentAssetUid":"ba3c76e1-b9b0-4a11-bb74-02f75006e959","eventTypes":["PEDEVT"],"mediaType":"","assetType":"CAMERA","coordinates":"32.729164:-117.18775"},{"assetUid":"464a9b01-04c6-478d-b616-e37dff424116","parentAssetUid":"dfd0a75a-0df5-405c-968d-4a2b3aba4ab9","eventTypes":["PKOUT","PKIN"],"mediaType":"","assetType":"CAMERA","coordinates":"32.722054:-117.16909"},{"assetUid":"e276491a-2520-4442-8e47-e3e6665a5b5f","parentAssetUid":"adbc00bf-94e5-47a2-aa9b-67ded8080587","eventTypes":["PEDEVT"],"mediaType":"","assetType":"CAMERA","coordinates":"32.71135:-117.17089"},{"assetUid":"9b326559-d5f3-4d16-9e34-e2b6fa9c2d9f","parentAssetUid":"59b94c6c-e258-43aa-b938-8d43b941a1c0","eventTypes":["PEDEVT"],"mediaType":"","assetType":"CAMERA","coordinates":"32.708744:-117.164276"},{"assetUid":"c3ce8921-a6a4-44c5-b6cf-74893bca249d","parentAssetUid":"02bf5587-d9c7-4097-84d5-1943729497d0","eventTypes":["PEDEVT"],"mediaType":"","assetType":"CAMERA","coordinates":"32.715836:-117.163956"},{"assetUid":"f0133537-e1ba-4924-a607-1d3bdd50d622","parentAssetUid":"b26800d2-3222-4c65-a0e3-9291bd0ce327","eventTypes":["PEDEVT"],"mediaType":"","assetType":"CAMERA","coordinates":"32.705894:-117.163315"},{"assetUid":"4a239c05-10a3-4121-9168-4d643bbbc640","parentAssetUid":"7076b08b-3481-437d-9f20-9155ce17606a","eventTypes":["PEDEVT"],"mediaType":"","assetType":"CAMERA","coordinates":"32.721863:-117.16905"},{"assetUid":"9090161e-f84a-487b-861f-62a5f2a7571a","parentAssetUid":"bf01a7af-b17a-4821-8d9d-f78bbd3bc70b","eventTypes":["PKIN","PKOUT"],"mediaType":"","assetType":"CAMERA","coordinates":"32.720997:-117.1684"},{"assetUid":"7a834ad8-1a10-4121-91d8-2b3e370b2e2a","parentAssetUid":"357df543-b76b-47ff-8490-cc0aa810094c","eventTypes":["PEDEVT"],"mediaType":"","assetType":"CAMERA","coordinates":"32.728416:-117.1843"},{"assetUid":"9449a318-7afc-426c-9593-8e8600cd3692","parentAssetUid":"358b9c41-b1ff-4b38-959b-907a50ede14c","eventTypes":["PEDEVT"],"mediaType":"","assetType":"CAMERA","coordinates":"32.715847:-117.16481"},{"assetUid":"a798e159-4cdb-4d58-970d-128fad2c631e","parentAssetUid":"e61ad77f-08c8-4877-af7b-36672aa2d203","eventTypes":["PEDEVT"],"mediaType":"","assetType":"CAMERA","coordinates":"32.715824:-117.163025"},{"assetUid":"90f624fa-03a7-4f2b-b208-99e06b789863","parentAssetUid":"35f77cba-8007-40f2-9b6e-72cd5ab3789d","eventTypes":["PEDEVT"],"mediaType":"","assetType":"CAMERA","coordinates":"32.705765:-117.15713"},{"assetUid":"a882f1b1-78b6-46a6-804e-fb2d5ff4459b","parentAssetUid":"a8f6c38b-addc-4a4a-8b7b-1c506022a477","eventTypes":["PEDEVT"],"mediaType":"","assetType":"CAMERA","coordinates":"32.728886:-117.20898"},{"assetUid":"65a27ccb-77dc-4390-a214-4986c89a10d1","parentAssetUid":"76eeaec5-3cd5-4363-acee-9b0558910431","eventTypes":["PEDEVT"],"mediaType":"","assetType":"CAMERA","coordinates":"32.72938:-117.19097"},{"assetUid":"1e72dba1-6502-41fe-800c-c1f24a8d50e2","parentAssetUid":"b2e4e7fe-4bc4-4b84-af74-ba5ace3bafa4","eventTypes":["PEDEVT"],"mediaType":"","assetType":"CAMERA","coordinates":"32.723076:-117.16907"},{"assetUid":"beff131e-501d-4ec5-a236-a18de4d3e47a","parentAssetUid":"86d3ba9c-cf2e-4179-b16f-e02dcce14688","eventTypes":["PEDEVT"],"mediaType":"","assetType":"CAMERA","coordinates":"32.729145:-117.19533"},{"assetUid":"f72d7544-ccc8-4bdb-8a1e-b6df8e7bee58","parentAssetUid":"f913c199-cca0-4a6a-901e-2f04356db3cc","eventTypes":["PEDEVT"],"mediaType":"","assetType":"CAMERA","coordinates":"32.706898:-117.16074"}],"last":true,"totalElements":194,"totalPages":1,"sort":null,"first":true,"numberOfElements":194,"size":200,"number":0}