{
	"id": "382480e3-02ec-d89c-2bd8-7f732d85c833",
	"name": "IC-VPC-APIs-Hackathon",
	"description": "",
	"order": [],
	"folders": [
		{
			"id": "72a5b218-58eb-7a45-9641-26ea26a3071c",
			"name": "Events",
			"description": "",
			"order": [
				"4060c9ac-ff60-00da-df82-be6ee7f9b8b4",
				"def8b8ac-6cd6-0ac5-a38a-8264586fa636",
				"b09b7d81-31e5-d07b-1d69-34bb463cb9c1",
				"a5a64edf-3c49-c206-6e45-19310c3854ca",
				"920bccbc-350a-b059-f298-ab795321ef7d",
				"5f3e789f-2a89-f9de-4cfd-b43541af46d8",
				"4745166c-541a-9aee-e382-51a3f4c919a5",
				"3b815a20-41ad-99c3-daeb-a3a492dfa8ba",
				"b5274e1e-f339-ea45-23aa-b6bdaa4bddf8",
				"2e8b3419-7085-6e13-aaac-23131eefb3e4",
				"c3746307-0238-3840-2245-b4de51166a0d",
				"ea54e667-cc74-1de0-02bc-e821bb64fd2a",
				"7cc49865-4796-dcf6-0122-0401ef30e31e",
				"bcca23af-f841-c9bd-207b-53cea61bfaab"
			],
			"owner": 0,
			"collectionId": "382480e3-02ec-d89c-2bd8-7f732d85c833",
			"folders_order": []
		},
		{
			"id": "4147d8ea-415a-0d46-951b-b184a6e104f2",
			"name": "Media (follow 3 Steps process)",
			"description": "",
			"order": [
				"e33e2bf8-65a7-3d96-5ab7-f9aa9a114ac9",
				"0413a438-0c2a-8d5d-9946-91acb46cadfe",
				"2a3ae47b-d46f-2e91-a1bf-0ce56463c93a",
				"87158775-b447-485e-145d-e7a00583aff9",
				"928ad881-c10e-4703-6693-8918dba8ea04",
				"26b69cb9-ea56-9fed-a935-95c638b70c22",
				"c8fe9ec3-6adb-8a74-cac0-1cc716357843",
				"851cef78-537c-b680-6aa7-865ba37e312c"
			],
			"owner": 0,
			"collectionId": "382480e3-02ec-d89c-2bd8-7f732d85c833",
			"folders_order": []
		},
		{
			"id": "f99fe2e9-b514-591d-0862-656b99a99de6",
			"name": "Metadata",
			"description": "",
			"order": [
				"4077b20b-8660-663d-6d99-8027fae560c9",
				"cbee07d4-2f3a-f2a1-2bae-801c468d4add",
				"0a6cb32e-93f9-8e52-006c-220e1f0c6a65",
				"1b327bd9-58bf-74d1-4ad9-cb5919452bcd",
				"25274114-a0f3-c57a-cec0-eea2de761bcd",
				"1cb4ad89-9a3c-e599-acad-f94aee203700",
				"5ccca5c2-02c0-3ca6-d4e5-eaa6b1dbf799"
			],
			"owner": 0,
			"folders_order": [],
			"collectionId": "382480e3-02ec-d89c-2bd8-7f732d85c833"
		},
		{
			"id": "d0c9dec5-97e3-aca5-1e9b-3390b940784c",
			"name": "Tokens",
			"description": "",
			"order": [
				"563f36da-9e28-4d73-e887-522ec4af6b83"
			],
			"owner": 0,
			"collectionId": "382480e3-02ec-d89c-2bd8-7f732d85c833",
			"folders_order": []
		}
	],
	"folders_order": [
		"d0c9dec5-97e3-aca5-1e9b-3390b940784c",
		"f99fe2e9-b514-591d-0862-656b99a99de6",
		"72a5b218-58eb-7a45-9641-26ea26a3071c",
		"4147d8ea-415a-0d46-951b-b184a6e104f2"
	],
	"timestamp": 0,
	"owner": "3560170",
	"public": false,
	"events": [],
	"variables": [],
	"auth": null,
	"requests": [
		{
			"id": "0413a438-0c2a-8d5d-9946-91acb46cadfe",
			"headers": "Authorization: Bearer {{client_token}}\nPredix-Zone-Id: {{image_zone_id}}\n",
			"headerData": [
				{
					"key": "Authorization",
					"value": "Bearer {{client_token}}",
					"description": "",
					"enabled": true
				},
				{
					"key": "Predix-Zone-Id",
					"value": "{{image_zone_id}}",
					"description": "",
					"enabled": true
				}
			],
			"url": "{{mediaurl}}/ondemand/locations/{{traffic_loc}}/media?mediaType=IMAGE&timestamp={{startts}}",
			"folder": "4147d8ea-415a-0d46-951b-b184a6e104f2",
			"queryParams": [
				{
					"key": "mediaType",
					"value": "IMAGE",
					"equals": true,
					"description": "",
					"enabled": true
				},
				{
					"key": "timestamp",
					"value": "{{startts}}",
					"equals": true,
					"description": "",
					"enabled": true
				}
			],
			"events": [],
			"pathVariables": {},
			"pathVariableData": [],
			"method": "GET",
			"data": [],
			"dataMode": "params",
			"auth": null,
			"time": 1517274402918,
			"name": "(step 1) Get Image mediaOnDemand Location",
			"description": "",
			"collectionId": "382480e3-02ec-d89c-2bd8-7f732d85c833",
			"responses": [],
			"currentHelper": null,
			"helperAttributes": null
		},
		{
			"id": "0a6cb32e-93f9-8e52-006c-220e1f0c6a65",
			"headers": "Authorization: Bearer {{client_token}}\nPredix-Zone-Id: {{traffic_zone_id}}\n",
			"headerData": [
				{
					"key": "Authorization",
					"value": "Bearer {{client_token}}",
					"description": "",
					"enabled": true
				},
				{
					"key": "Predix-Zone-Id",
					"value": "{{traffic_zone_id}}",
					"description": "",
					"enabled": true
				}
			],
			"url": "{{metadataurl}}/assets/{{traffic_asset}}",
			"queryParams": [],
			"pathVariables": {},
			"pathVariableData": [],
			"method": "GET",
			"data": [],
			"dataMode": "params",
			"time": 1502149168191,
			"name": "Get Asset Detail",
			"description": "",
			"collectionId": "382480e3-02ec-d89c-2bd8-7f732d85c833",
			"responses": [],
			"folder": "f99fe2e9-b514-591d-0862-656b99a99de6",
			"collection_id": "382480e3-02ec-d89c-2bd8-7f732d85c833",
			"auth": null,
			"currentHelper": null,
			"helperAttributes": null
		},
		{
			"id": "1b327bd9-58bf-74d1-4ad9-cb5919452bcd",
			"headers": "Authorization: Bearer {{client_token}}\nPredix-Zone-Id: {{traffic_zone_id}}\n",
			"headerData": [
				{
					"key": "Authorization",
					"value": "Bearer {{client_token}}",
					"description": "",
					"enabled": true
				},
				{
					"key": "Predix-Zone-Id",
					"value": "{{traffic_zone_id}}",
					"description": "",
					"enabled": true
				}
			],
			"url": "{{metadataurl}}/assets/{{node}}/subAssets",
			"queryParams": [],
			"pathVariables": {},
			"pathVariableData": [],
			"method": "GET",
			"data": [],
			"dataMode": "params",
			"time": 1502149163608,
			"name": "Get Sub Assets",
			"description": "",
			"collectionId": "382480e3-02ec-d89c-2bd8-7f732d85c833",
			"responses": [],
			"folder": "f99fe2e9-b514-591d-0862-656b99a99de6",
			"collection_id": "382480e3-02ec-d89c-2bd8-7f732d85c833",
			"auth": null,
			"currentHelper": null,
			"helperAttributes": null
		},
		{
			"id": "1cb4ad89-9a3c-e599-acad-f94aee203700",
			"headers": "Authorization: Bearer {{client_token}}\nPredix-Zone-Id: {{traffic_zone_id}}\n",
			"headerData": [
				{
					"key": "Authorization",
					"value": "Bearer {{client_token}}",
					"description": "",
					"enabled": true
				},
				{
					"key": "Predix-Zone-Id",
					"value": "{{traffic_zone_id}}",
					"description": "",
					"enabled": true
				}
			],
			"url": "{{metadataurl}}/assets/{{traffic_asset}}/locations",
			"queryParams": [],
			"pathVariables": {},
			"pathVariableData": [],
			"method": "GET",
			"data": [],
			"dataMode": "params",
			"time": 1502149132625,
			"name": "Get Asset-->Location list",
			"description": "",
			"collectionId": "382480e3-02ec-d89c-2bd8-7f732d85c833",
			"responses": [],
			"folder": "f99fe2e9-b514-591d-0862-656b99a99de6",
			"collection_id": "382480e3-02ec-d89c-2bd8-7f732d85c833",
			"auth": null,
			"currentHelper": null,
			"helperAttributes": null
		},
		{
			"id": "25274114-a0f3-c57a-cec0-eea2de761bcd",
			"headers": "Authorization: Bearer {{client_token}}\nPredix-Zone-Id: {{traffic_zone_id}}\n",
			"headerData": [
				{
					"key": "Authorization",
					"value": "Bearer {{client_token}}",
					"description": "",
					"enabled": true
				},
				{
					"key": "Predix-Zone-Id",
					"value": "{{traffic_zone_id}}",
					"description": "",
					"enabled": true
				}
			],
			"url": "{{metadataurl}}/locations/{{traffic_loc}}",
			"queryParams": [],
			"pathVariables": {},
			"pathVariableData": [],
			"method": "GET",
			"data": [],
			"dataMode": "params",
			"time": 1502149150600,
			"name": "Get Location Detail",
			"description": "",
			"collectionId": "382480e3-02ec-d89c-2bd8-7f732d85c833",
			"responses": [],
			"folder": "f99fe2e9-b514-591d-0862-656b99a99de6",
			"collection_id": "382480e3-02ec-d89c-2bd8-7f732d85c833",
			"auth": null,
			"currentHelper": null,
			"helperAttributes": null
		},
		{
			"id": "26b69cb9-ea56-9fed-a935-95c638b70c22",
			"headers": "Authorization: Bearer {{client_token}}\nPredix-Zone-Id: {{audio_zone_id}}\n",
			"headerData": [
				{
					"key": "Authorization",
					"value": "Bearer {{client_token}}",
					"description": "",
					"enabled": true
				},
				{
					"key": "Predix-Zone-Id",
					"value": "{{audio_zone_id}}",
					"description": "",
					"enabled": true
				}
			],
			"url": "{{mediaurl}}/ondemand/locations/{{traffic_loc}}/media?mediaType=AUDIO&timestamp={{startts}}",
			"folder": "4147d8ea-415a-0d46-951b-b184a6e104f2",
			"queryParams": [
				{
					"key": "mediaType",
					"value": "AUDIO",
					"equals": true,
					"description": "",
					"enabled": true
				},
				{
					"key": "timestamp",
					"value": "{{startts}}",
					"equals": true,
					"description": "",
					"enabled": true
				}
			],
			"events": [],
			"pathVariables": {},
			"pathVariableData": [],
			"method": "GET",
			"data": [],
			"dataMode": "params",
			"auth": null,
			"time": 1517274820195,
			"name": "restricted (step 1) Get Audio mediaOnDemand Location",
			"description": "",
			"collectionId": "382480e3-02ec-d89c-2bd8-7f732d85c833",
			"responses": [],
			"currentHelper": null,
			"helperAttributes": null
		},
		{
			"id": "2a3ae47b-d46f-2e91-a1bf-0ce56463c93a",
			"headers": "Authorization: Bearer {{client_token}}\nPredix-Zone-Id: {{video_zone_id}}\n",
			"headerData": [
				{
					"key": "Authorization",
					"value": "Bearer {{client_token}}",
					"description": "",
					"enabled": true
				},
				{
					"key": "Predix-Zone-Id",
					"value": "{{video_zone_id}}",
					"description": "",
					"enabled": true
				}
			],
			"url": "{{mediaurl}}/ondemand/assets/{{traffic_asset}}/media?mediaType=VIDEO&timestamp={{startts}}",
			"folder": "4147d8ea-415a-0d46-951b-b184a6e104f2",
			"queryParams": [
				{
					"key": "mediaType",
					"value": "VIDEO",
					"equals": true,
					"description": "",
					"enabled": true
				},
				{
					"key": "timestamp",
					"value": "{{startts}}",
					"equals": true,
					"description": "",
					"enabled": true
				}
			],
			"events": [],
			"pathVariables": {},
			"pathVariableData": [],
			"method": "GET",
			"data": [],
			"dataMode": "params",
			"auth": null,
			"time": 1517274444133,
			"name": "(step 1) Get Video mediaOnDemand Asset",
			"description": "",
			"collectionId": "382480e3-02ec-d89c-2bd8-7f732d85c833",
			"responses": [],
			"currentHelper": null,
			"helperAttributes": null
		},
		{
			"id": "2e8b3419-7085-6e13-aaac-23131eefb3e4",
			"headers": "Authorization: Bearer {{client_token}}\nPredix-Zone-Id: {{ped_zone_id}}\n",
			"headerData": [
				{
					"key": "Authorization",
					"value": "Bearer {{client_token}}",
					"description": "",
					"enabled": true
				},
				{
					"key": "Predix-Zone-Id",
					"value": "{{ped_zone_id}}",
					"description": "",
					"enabled": true
				}
			],
			"url": "{{eventurl}}/assets/{{ped_asset}}/events?eventType=PEDEVT&startTime={{startts}}&endTime={{endts}}",
			"folder": "72a5b218-58eb-7a45-9641-26ea26a3071c",
			"queryParams": [
				{
					"key": "eventType",
					"value": "PEDEVT",
					"equals": true,
					"description": "",
					"enabled": true
				},
				{
					"key": "startTime",
					"value": "{{startts}}",
					"equals": true,
					"description": "",
					"enabled": true
				},
				{
					"key": "endTime",
					"value": "{{endts}}",
					"equals": true,
					"description": "",
					"enabled": true
				}
			],
			"events": [],
			"pathVariables": {},
			"pathVariableData": [],
			"method": "GET",
			"data": [],
			"dataMode": "params",
			"auth": null,
			"time": 1517963167372,
			"name": "Get PEDEVT by assetId",
			"description": "",
			"collectionId": "382480e3-02ec-d89c-2bd8-7f732d85c833",
			"responses": [
				{
					"request": {
						"id": "c620c303-2296-4009-8a41-3e22a147959f",
						"description": "",
						"method": "GET",
						"headers": "Authorization: Bearer {{client_token}}\nPredix-Zone-Id: {{ped_zone_id}}",
						"data": [],
						"rawModeData": "",
						"url": "{{eventurl}}/assets/{{ped_asset}}/events?eventType=PEDEVT&startTime=1491634800000&endTime=1491894000000"
					},
					"id": "35043147-ffcb-1886-743f-d8d3f19794f7",
					"name": "PedResponse",
					"status": "OK",
					"responseCode": {
						"code": 200,
						"name": "OK",
						"detail": ""
					},
					"language": "json",
					"previewType": "text",
					"time": 780,
					"headers": [
						{
							"name": "Access-Control-Allow-Credentials",
							"key": "Access-Control-Allow-Credentials",
							"value": "true",
							"description": "Indicates whether or not the response to the request can be exposed when the credentials flag is true. When used as part of a response to a preflight request, this indicates whether or not the actual request can be made using credentials."
						},
						{
							"name": "Access-Control-Allow-Headers",
							"key": "Access-Control-Allow-Headers",
							"value": "Origin,Accept,X-Requested-With,Content-Type,Content-Disposition,Access-Control-Request-Method,Access-Control-Request-Headers,Authorization,Predix-Zone-Id,Content-Length,Origin,Accept,X-Requested-With,Content-Type,Access-Control-Request-Method,Access-Control-Request-Headers,Authorization,Predix-Zone-Id",
							"description": "Used in response to a preflight request to indicate which HTTP headers can be used when making the actual request."
						},
						{
							"name": "Access-Control-Allow-Methods",
							"key": "Access-Control-Allow-Methods",
							"value": "POST, GET, HEAD, OPTIONS, PUT, PATCH, DELETE,GET,POST,PUT,DELETE,OPTIONS,PATCH",
							"description": "Specifies the method or methods allowed when accessing the resource. This is used in response to a preflight request."
						},
						{
							"name": "Access-Control-Max-Age",
							"key": "Access-Control-Max-Age",
							"value": "3600",
							"description": "Indicates how long the results of a preflight request can be cached in seconds."
						},
						{
							"name": "Cache-Control",
							"key": "Cache-Control",
							"value": "no-cache",
							"description": "Tells all caching mechanisms from server to client whether they may cache this object. It is measured in seconds"
						},
						{
							"name": "Content-Length",
							"key": "Content-Length",
							"value": "13992",
							"description": "The length of the response body in octets (8-bit bytes)"
						},
						{
							"name": "Content-Security-Policy",
							"key": "Content-Security-Policy",
							"value": "child-src 'self'",
							"description": "Custom header"
						},
						{
							"name": "Content-Type",
							"key": "Content-Type",
							"value": "application/json;charset=UTF-8",
							"description": "The mime type of this content"
						},
						{
							"name": "Date",
							"key": "Date",
							"value": "Thu, 13 Apr 2017 17:47:49 GMT",
							"description": "The date and time that the message was sent"
						},
						{
							"name": "Expires",
							"key": "Expires",
							"value": "0",
							"description": "Gives the date/time after which the response is considered stale"
						},
						{
							"name": "Pragma",
							"key": "Pragma",
							"value": "no-cache",
							"description": "Implementation-specific headers that may have various effects anywhere along the request-response chain."
						},
						{
							"name": "Server",
							"key": "Server",
							"value": "Apache-Coyote/1.1",
							"description": "A name for the server"
						},
						{
							"name": "Strict-Transport-Security",
							"key": "Strict-Transport-Security",
							"value": "max-age=16070400",
							"description": "A HSTS Policy informing the HTTP client how long to cache the HTTPS only policy and whether this applies to subdomains."
						},
						{
							"name": "X-Application-Context",
							"key": "X-Application-Context",
							"value": "ie-event-service-ic-dev:cloud:0",
							"description": "Custom header"
						},
						{
							"name": "X-Content-Type-Options",
							"key": "X-Content-Type-Options",
							"value": "nosniff",
							"description": "The only defined value, \"nosniff\", prevents Internet Explorer from MIME-sniffing a response away from the declared content-type"
						},
						{
							"name": "X-Frame-Options",
							"key": "X-Frame-Options",
							"value": "SAMEORIGIN",
							"description": "Clickjacking protection: \"deny\" - no rendering within a frame, \"sameorigin\" - no rendering if origin mismatch"
						},
						{
							"name": "X-Vcap-Request-Id",
							"key": "X-Vcap-Request-Id",
							"value": "ac9a4296-64fb-4636-5456-3c901f0380b0",
							"description": "Custom header"
						},
						{
							"name": "X-Xss-Protection",
							"key": "X-Xss-Protection",
							"value": "1; mode=block",
							"description": "Cross-site scripting (XSS) filter"
						}
					],
					"cookies": [],
					"text": "{\"content\":[{\"locationUid\":\"LOCATION-VPCDEV-30-1077-1-N\",\"assetUid\":\"CAM-HYP1018-F\",\"eventType\":\"PEDEVT\",\"timestamp\":1491859439631,\"properties\":{\"directionUnit\":\"DEGREE\",\"speedUnit\":\"METERS_PER_SEC\",\"eventUid\":\"Q0FNLUhZUDEwMTgtRiwxNDkxODU5NDM5NjMx\"},\"measures\":{\"direction\":-1.0,\"pedestrianCount\":20.0,\"speed\":4.2}},{\"locationUid\":\"LOCATION-VPCDEV-30-1077-1-N\",\"assetUid\":\"CAM-HYP1018-F\",\"eventType\":\"PEDEVT\",\"timestamp\":1491859479631,\"properties\":{\"directionUnit\":\"DEGREE\",\"speedUnit\":\"METERS_PER_SEC\",\"eventUid\":\"Q0FNLUhZUDEwMTgtRiwxNDkxODU5NDc5NjMx\"},\"measures\":{\"direction\":-1.0,\"pedestrianCount\":21.0,\"speed\":4.0}},{\"locationUid\":\"LOCATION-VPCDEV-30-1077-1-N\",\"assetUid\":\"CAM-HYP1018-F\",\"eventType\":\"PEDEVT\",\"timestamp\":1491859511631,\"properties\":{\"directionUnit\":\"DEGREE\",\"speedUnit\":\"METERS_PER_SEC\",\"eventUid\":\"Q0FNLUhZUDEwMTgtRiwxNDkxODU5NTExNjMx\"},\"measures\":{\"direction\":-1.0,\"pedestrianCount\":22.0,\"speed\":4.2272725}},{\"locationUid\":\"LOCATION-VPCDEV-30-1077-1-N\",\"assetUid\":\"CAM-HYP1018-F\",\"eventType\":\"PEDEVT\",\"timestamp\":1491859551631,\"properties\":{\"directionUnit\":\"DEGREE\",\"speedUnit\":\"METERS_PER_SEC\",\"eventUid\":\"Q0FNLUhZUDEwMTgtRiwxNDkxODU5NTUxNjMx\"},\"measures\":{\"direction\":-1.0,\"pedestrianCount\":25.0,\"speed\":4.08}},{\"locationUid\":\"LOCATION-VPCDEV-30-1077-1-N\",\"assetUid\":\"CAM-HYP1018-F\",\"eventType\":\"PEDEVT\",\"timestamp\":1491859591631,\"properties\":{\"directionUnit\":\"DEGREE\",\"speedUnit\":\"METERS_PER_SEC\",\"eventUid\":\"Q0FNLUhZUDEwMTgtRiwxNDkxODU5NTkxNjMx\"},\"measures\":{\"direction\":-1.0,\"pedestrianCount\":22.0,\"speed\":4.409091}},{\"locationUid\":\"LOCATION-VPCDEV-30-1077-1-N\",\"assetUid\":\"CAM-HYP1018-F\",\"eventType\":\"PEDEVT\",\"timestamp\":1491859627631,\"properties\":{\"directionUnit\":\"DEGREE\",\"speedUnit\":\"METERS_PER_SEC\",\"eventUid\":\"Q0FNLUhZUDEwMTgtRiwxNDkxODU5NjI3NjMx\"},\"measures\":{\"direction\":-1.0,\"pedestrianCount\":23.0,\"speed\":3.8695652}},{\"locationUid\":\"LOCATION-VPCDEV-30-1077-1-N\",\"assetUid\":\"CAM-HYP1018-F\",\"eventType\":\"PEDEVT\",\"timestamp\":1491866447631,\"properties\":{\"directionUnit\":\"DEGREE\",\"speedUnit\":\"METERS_PER_SEC\",\"eventUid\":\"Q0FNLUhZUDEwMTgtRiwxNDkxODY2NDQ3NjMx\"},\"measures\":{\"direction\":-1.0,\"pedestrianCount\":33.0,\"speed\":3.7272727}},{\"locationUid\":\"LOCATION-VPCDEV-30-1077-1-N\",\"assetUid\":\"CAM-HYP1018-F\",\"eventType\":\"PEDEVT\",\"timestamp\":1491866487631,\"properties\":{\"directionUnit\":\"DEGREE\",\"speedUnit\":\"METERS_PER_SEC\",\"eventUid\":\"Q0FNLUhZUDEwMTgtRiwxNDkxODY2NDg3NjMx\"},\"measures\":{\"direction\":-1.0,\"pedestrianCount\":33.0,\"speed\":4.060606}},{\"locationUid\":\"LOCATION-VPCDEV-30-1077-1-N\",\"assetUid\":\"CAM-HYP1018-F\",\"eventType\":\"PEDEVT\",\"timestamp\":1491866523631,\"properties\":{\"directionUnit\":\"DEGREE\",\"speedUnit\":\"METERS_PER_SEC\",\"eventUid\":\"Q0FNLUhZUDEwMTgtRiwxNDkxODY2NTIzNjMx\"},\"measures\":{\"direction\":-1.0,\"pedestrianCount\":28.0,\"speed\":3.9642856}},{\"locationUid\":\"LOCATION-VPCDEV-30-1077-1-N\",\"assetUid\":\"CAM-HYP1018-F\",\"eventType\":\"PEDEVT\",\"timestamp\":1491866751631,\"properties\":{\"directionUnit\":\"DEGREE\",\"speedUnit\":\"METERS_PER_SEC\",\"eventUid\":\"Q0FNLUhZUDEwMTgtRiwxNDkxODY2NzUxNjMx\"},\"measures\":{\"direction\":-1.0,\"pedestrianCount\":33.0,\"speed\":3.939394}},{\"locationUid\":\"LOCATION-VPCDEV-30-1077-1-N\",\"assetUid\":\"CAM-HYP1018-F\",\"eventType\":\"PEDEVT\",\"timestamp\":1491866791631,\"properties\":{\"directionUnit\":\"DEGREE\",\"speedUnit\":\"METERS_PER_SEC\",\"eventUid\":\"Q0FNLUhZUDEwMTgtRiwxNDkxODY2NzkxNjMx\"},\"measures\":{\"direction\":-1.0,\"pedestrianCount\":28.0,\"speed\":4.0}},{\"locationUid\":\"LOCATION-VPCDEV-30-1077-1-N\",\"assetUid\":\"CAM-HYP1018-F\",\"eventType\":\"PEDEVT\",\"timestamp\":1491866823631,\"properties\":{\"directionUnit\":\"DEGREE\",\"speedUnit\":\"METERS_PER_SEC\",\"eventUid\":\"Q0FNLUhZUDEwMTgtRiwxNDkxODY2ODIzNjMx\"},\"measures\":{\"direction\":-1.0,\"pedestrianCount\":31.0,\"speed\":4.0}},{\"locationUid\":\"LOCATION-VPCDEV-30-1077-1-N\",\"assetUid\":\"CAM-HYP1018-F\",\"eventType\":\"PEDEVT\",\"timestamp\":1491866859634,\"properties\":{\"directionUnit\":\"DEGREE\",\"speedUnit\":\"METERS_PER_SEC\",\"eventUid\":\"Q0FNLUhZUDEwMTgtRiwxNDkxODY2ODU5NjM0\"},\"measures\":{\"direction\":-1.0,\"pedestrianCount\":31.0,\"speed\":3.6451614}},{\"locationUid\":\"LOCATION-VPCDEV-30-1077-1-N\",\"assetUid\":\"CAM-HYP1018-F\",\"eventType\":\"PEDEVT\",\"timestamp\":1491866891631,\"properties\":{\"directionUnit\":\"DEGREE\",\"speedUnit\":\"METERS_PER_SEC\",\"eventUid\":\"Q0FNLUhZUDEwMTgtRiwxNDkxODY2ODkxNjMx\"},\"measures\":{\"direction\":-1.0,\"pedestrianCount\":33.0,\"speed\":3.909091}},{\"locationUid\":\"LOCATION-VPCDEV-30-1077-1-N\",\"assetUid\":\"CAM-HYP1018-F\",\"eventType\":\"PEDEVT\",\"timestamp\":1491866931631,\"properties\":{\"directionUnit\":\"DEGREE\",\"speedUnit\":\"METERS_PER_SEC\",\"eventUid\":\"Q0FNLUhZUDEwMTgtRiwxNDkxODY2OTMxNjMx\"},\"measures\":{\"direction\":-1.0,\"pedestrianCount\":30.0,\"speed\":3.7}},{\"locationUid\":\"LOCATION-VPCDEV-30-1077-1-N\",\"assetUid\":\"CAM-HYP1018-F\",\"eventType\":\"PEDEVT\",\"timestamp\":1491866967631,\"properties\":{\"directionUnit\":\"DEGREE\",\"speedUnit\":\"METERS_PER_SEC\",\"eventUid\":\"Q0FNLUhZUDEwMTgtRiwxNDkxODY2OTY3NjMx\"},\"measures\":{\"direction\":-1.0,\"pedestrianCount\":32.0,\"speed\":4.25}},{\"locationUid\":\"LOCATION-VPCDEV-30-1077-1-N\",\"assetUid\":\"CAM-HYP1018-F\",\"eventType\":\"PEDEVT\",\"timestamp\":1491867003631,\"properties\":{\"directionUnit\":\"DEGREE\",\"speedUnit\":\"METERS_PER_SEC\",\"eventUid\":\"Q0FNLUhZUDEwMTgtRiwxNDkxODY3MDAzNjMx\"},\"measures\":{\"direction\":-1.0,\"pedestrianCount\":32.0,\"speed\":4.125}},{\"locationUid\":\"LOCATION-VPCDEV-30-1077-1-N\",\"assetUid\":\"CAM-HYP1018-F\",\"eventType\":\"PEDEVT\",\"timestamp\":1491867035631,\"properties\":{\"directionUnit\":\"DEGREE\",\"speedUnit\":\"METERS_PER_SEC\",\"eventUid\":\"Q0FNLUhZUDEwMTgtRiwxNDkxODY3MDM1NjMx\"},\"measures\":{\"direction\":-1.0,\"pedestrianCount\":32.0,\"speed\":3.90625}},{\"locationUid\":\"LOCATION-VPCDEV-30-1077-1-N\",\"assetUid\":\"CAM-HYP1018-F\",\"eventType\":\"PEDEVT\",\"timestamp\":1491867075631,\"properties\":{\"directionUnit\":\"DEGREE\",\"speedUnit\":\"METERS_PER_SEC\",\"eventUid\":\"Q0FNLUhZUDEwMTgtRiwxNDkxODY3MDc1NjMx\"},\"measures\":{\"direction\":-1.0,\"pedestrianCount\":29.0,\"speed\":4.0}},{\"locationUid\":\"LOCATION-VPCDEV-30-1077-1-N\",\"assetUid\":\"CAM-HYP1018-F\",\"eventType\":\"PEDEVT\",\"timestamp\":1491867115631,\"properties\":{\"directionUnit\":\"DEGREE\",\"speedUnit\":\"METERS_PER_SEC\",\"eventUid\":\"Q0FNLUhZUDEwMTgtRiwxNDkxODY3MTE1NjMx\"},\"measures\":{\"direction\":-1.0,\"pedestrianCount\":28.0,\"speed\":3.642857}},{\"locationUid\":\"LOCATION-VPCDEV-30-1077-1-N\",\"assetUid\":\"CAM-HYP1018-F\",\"eventType\":\"PEDEVT\",\"timestamp\":1491867151631,\"properties\":{\"directionUnit\":\"DEGREE\",\"speedUnit\":\"METERS_PER_SEC\",\"eventUid\":\"Q0FNLUhZUDEwMTgtRiwxNDkxODY3MTUxNjMx\"},\"measures\":{\"direction\":-1.0,\"pedestrianCount\":33.0,\"speed\":3.969697}},{\"locationUid\":\"LOCATION-VPCDEV-30-1077-1-N\",\"assetUid\":\"CAM-HYP1018-F\",\"eventType\":\"PEDEVT\",\"timestamp\":1491867191631,\"properties\":{\"directionUnit\":\"DEGREE\",\"speedUnit\":\"METERS_PER_SEC\",\"eventUid\":\"Q0FNLUhZUDEwMTgtRiwxNDkxODY3MTkxNjMx\"},\"measures\":{\"direction\":-1.0,\"pedestrianCount\":33.0,\"speed\":4.181818}},{\"locationUid\":\"LOCATION-VPCDEV-30-1077-1-N\",\"assetUid\":\"CAM-HYP1018-F\",\"eventType\":\"PEDEVT\",\"timestamp\":1491867227631,\"properties\":{\"directionUnit\":\"DEGREE\",\"speedUnit\":\"METERS_PER_SEC\",\"eventUid\":\"Q0FNLUhZUDEwMTgtRiwxNDkxODY3MjI3NjMx\"},\"measures\":{\"direction\":-1.0,\"pedestrianCount\":30.0,\"speed\":4.0666666}},{\"locationUid\":\"LOCATION-VPCDEV-30-1077-1-N\",\"assetUid\":\"CAM-HYP1018-F\",\"eventType\":\"PEDEVT\",\"timestamp\":1491867259631,\"properties\":{\"directionUnit\":\"DEGREE\",\"speedUnit\":\"METERS_PER_SEC\",\"eventUid\":\"Q0FNLUhZUDEwMTgtRiwxNDkxODY3MjU5NjMx\"},\"measures\":{\"direction\":-1.0,\"pedestrianCount\":29.0,\"speed\":4.0689654}},{\"locationUid\":\"LOCATION-VPCDEV-30-1077-1-N\",\"assetUid\":\"CAM-HYP1018-F\",\"eventType\":\"PEDEVT\",\"timestamp\":1491867299631,\"properties\":{\"directionUnit\":\"DEGREE\",\"speedUnit\":\"METERS_PER_SEC\",\"eventUid\":\"Q0FNLUhZUDEwMTgtRiwxNDkxODY3Mjk5NjMx\"},\"measures\":{\"direction\":-1.0,\"pedestrianCount\":33.0,\"speed\":4.030303}},{\"locationUid\":\"LOCATION-VPCDEV-30-1077-1-N\",\"assetUid\":\"CAM-HYP1018-F\",\"eventType\":\"PEDEVT\",\"timestamp\":1491867339631,\"properties\":{\"directionUnit\":\"DEGREE\",\"speedUnit\":\"METERS_PER_SEC\",\"eventUid\":\"Q0FNLUhZUDEwMTgtRiwxNDkxODY3MzM5NjMx\"},\"measures\":{\"direction\":-1.0,\"pedestrianCount\":30.0,\"speed\":3.9666667}},{\"locationUid\":\"LOCATION-VPCDEV-30-1077-1-N\",\"assetUid\":\"CAM-HYP1018-F\",\"eventType\":\"PEDEVT\",\"timestamp\":1491867379631,\"properties\":{\"directionUnit\":\"DEGREE\",\"speedUnit\":\"METERS_PER_SEC\",\"eventUid\":\"Q0FNLUhZUDEwMTgtRiwxNDkxODY3Mzc5NjMx\"},\"measures\":{\"direction\":-1.0,\"pedestrianCount\":32.0,\"speed\":4.21875}},{\"locationUid\":\"LOCATION-VPCDEV-30-1077-1-N\",\"assetUid\":\"CAM-HYP1018-F\",\"eventType\":\"PEDEVT\",\"timestamp\":1491867415631,\"properties\":{\"directionUnit\":\"DEGREE\",\"speedUnit\":\"METERS_PER_SEC\",\"eventUid\":\"Q0FNLUhZUDEwMTgtRiwxNDkxODY3NDE1NjMx\"},\"measures\":{\"direction\":-1.0,\"pedestrianCount\":31.0,\"speed\":4.290323}},{\"locationUid\":\"LOCATION-VPCDEV-30-1077-1-N\",\"assetUid\":\"CAM-HYP1018-F\",\"eventType\":\"PEDEVT\",\"timestamp\":1491867451631,\"properties\":{\"directionUnit\":\"DEGREE\",\"speedUnit\":\"METERS_PER_SEC\",\"eventUid\":\"Q0FNLUhZUDEwMTgtRiwxNDkxODY3NDUxNjMx\"},\"measures\":{\"direction\":-1.0,\"pedestrianCount\":28.0,\"speed\":3.9642856}},{\"locationUid\":\"LOCATION-VPCDEV-30-1077-1-N\",\"assetUid\":\"CAM-HYP1018-F\",\"eventType\":\"PEDEVT\",\"timestamp\":1491867495631,\"properties\":{\"directionUnit\":\"DEGREE\",\"speedUnit\":\"METERS_PER_SEC\",\"eventUid\":\"Q0FNLUhZUDEwMTgtRiwxNDkxODY3NDk1NjMx\"},\"measures\":{\"direction\":-1.0,\"pedestrianCount\":33.0,\"speed\":3.7575758}},{\"locationUid\":\"LOCATION-VPCDEV-30-1077-1-N\",\"assetUid\":\"CAM-HYP1018-F\",\"eventType\":\"PEDEVT\",\"timestamp\":1491867539631,\"properties\":{\"directionUnit\":\"DEGREE\",\"speedUnit\":\"METERS_PER_SEC\",\"eventUid\":\"Q0FNLUhZUDEwMTgtRiwxNDkxODY3NTM5NjMx\"},\"measures\":{\"direction\":-1.0,\"pedestrianCount\":31.0,\"speed\":3.7419355}},{\"locationUid\":\"LOCATION-VPCDEV-30-1077-1-N\",\"assetUid\":\"CAM-HYP1018-F\",\"eventType\":\"PEDEVT\",\"timestamp\":1491867575631,\"properties\":{\"directionUnit\":\"DEGREE\",\"speedUnit\":\"METERS_PER_SEC\",\"eventUid\":\"Q0FNLUhZUDEwMTgtRiwxNDkxODY3NTc1NjMx\"},\"measures\":{\"direction\":-1.0,\"pedestrianCount\":32.0,\"speed\":3.96875}},{\"locationUid\":\"LOCATION-VPCDEV-30-1077-1-N\",\"assetUid\":\"CAM-HYP1018-F\",\"eventType\":\"PEDEVT\",\"timestamp\":1491867615631,\"properties\":{\"directionUnit\":\"DEGREE\",\"speedUnit\":\"METERS_PER_SEC\",\"eventUid\":\"Q0FNLUhZUDEwMTgtRiwxNDkxODY3NjE1NjMx\"},\"measures\":{\"direction\":-1.0,\"pedestrianCount\":30.0,\"speed\":4.0}},{\"locationUid\":\"LOCATION-VPCDEV-30-1077-1-N\",\"assetUid\":\"CAM-HYP1018-F\",\"eventType\":\"PEDEVT\",\"timestamp\":1491867651631,\"properties\":{\"directionUnit\":\"DEGREE\",\"speedUnit\":\"METERS_PER_SEC\",\"eventUid\":\"Q0FNLUhZUDEwMTgtRiwxNDkxODY3NjUxNjMx\"},\"measures\":{\"direction\":-1.0,\"pedestrianCount\":29.0,\"speed\":3.7931035}},{\"locationUid\":\"LOCATION-VPCDEV-30-1077-1-N\",\"assetUid\":\"CAM-HYP1018-F\",\"eventType\":\"PEDEVT\",\"timestamp\":1491867695631,\"properties\":{\"directionUnit\":\"DEGREE\",\"speedUnit\":\"METERS_PER_SEC\",\"eventUid\":\"Q0FNLUhZUDEwMTgtRiwxNDkxODY3Njk1NjMx\"},\"measures\":{\"direction\":-1.0,\"pedestrianCount\":30.0,\"speed\":4.0666666}},{\"locationUid\":\"LOCATION-VPCDEV-30-1077-1-N\",\"assetUid\":\"CAM-HYP1018-F\",\"eventType\":\"PEDEVT\",\"timestamp\":1491867735631,\"properties\":{\"directionUnit\":\"DEGREE\",\"speedUnit\":\"METERS_PER_SEC\",\"eventUid\":\"Q0FNLUhZUDEwMTgtRiwxNDkxODY3NzM1NjMx\"},\"measures\":{\"direction\":-1.0,\"pedestrianCount\":29.0,\"speed\":3.689655}},{\"locationUid\":\"LOCATION-VPCDEV-30-1077-1-N\",\"assetUid\":\"CAM-HYP1018-F\",\"eventType\":\"PEDEVT\",\"timestamp\":1491867767631,\"properties\":{\"directionUnit\":\"DEGREE\",\"speedUnit\":\"METERS_PER_SEC\",\"eventUid\":\"Q0FNLUhZUDEwMTgtRiwxNDkxODY3NzY3NjMx\"},\"measures\":{\"direction\":-1.0,\"pedestrianCount\":28.0,\"speed\":4.035714}},{\"locationUid\":\"LOCATION-VPCDEV-30-1077-1-N\",\"assetUid\":\"CAM-HYP1018-F\",\"eventType\":\"PEDEVT\",\"timestamp\":1491867807631,\"properties\":{\"directionUnit\":\"DEGREE\",\"speedUnit\":\"METERS_PER_SEC\",\"eventUid\":\"Q0FNLUhZUDEwMTgtRiwxNDkxODY3ODA3NjMx\"},\"measures\":{\"direction\":-1.0,\"pedestrianCount\":29.0,\"speed\":3.6551723}},{\"locationUid\":\"LOCATION-VPCDEV-30-1077-1-N\",\"assetUid\":\"CAM-HYP1018-F\",\"eventType\":\"PEDEVT\",\"timestamp\":1491867843631,\"properties\":{\"directionUnit\":\"DEGREE\",\"speedUnit\":\"METERS_PER_SEC\",\"eventUid\":\"Q0FNLUhZUDEwMTgtRiwxNDkxODY3ODQzNjMx\"},\"measures\":{\"direction\":-1.0,\"pedestrianCount\":30.0,\"speed\":4.2}},{\"locationUid\":\"LOCATION-VPCDEV-30-1077-1-N\",\"assetUid\":\"CAM-HYP1018-F\",\"eventType\":\"PEDEVT\",\"timestamp\":1491867883631,\"properties\":{\"directionUnit\":\"DEGREE\",\"speedUnit\":\"METERS_PER_SEC\",\"eventUid\":\"Q0FNLUhZUDEwMTgtRiwxNDkxODY3ODgzNjMx\"},\"measures\":{\"direction\":-1.0,\"pedestrianCount\":31.0,\"speed\":3.8709676}},{\"locationUid\":\"LOCATION-VPCDEV-30-1077-1-N\",\"assetUid\":\"CAM-HYP1018-F\",\"eventType\":\"PEDEVT\",\"timestamp\":1491867915631,\"properties\":{\"directionUnit\":\"DEGREE\",\"speedUnit\":\"METERS_PER_SEC\",\"eventUid\":\"Q0FNLUhZUDEwMTgtRiwxNDkxODY3OTE1NjMx\"},\"measures\":{\"direction\":-1.0,\"pedestrianCount\":29.0,\"speed\":3.9655173}},{\"locationUid\":\"LOCATION-VPCDEV-30-1077-1-N\",\"assetUid\":\"CAM-HYP1018-F\",\"eventType\":\"PEDEVT\",\"timestamp\":1491867955631,\"properties\":{\"directionUnit\":\"DEGREE\",\"speedUnit\":\"METERS_PER_SEC\",\"eventUid\":\"Q0FNLUhZUDEwMTgtRiwxNDkxODY3OTU1NjMx\"},\"measures\":{\"direction\":-1.0,\"pedestrianCount\":33.0,\"speed\":3.7272727}},{\"locationUid\":\"LOCATION-VPCDEV-30-1077-1-N\",\"assetUid\":\"CAM-HYP1018-F\",\"eventType\":\"PEDEVT\",\"timestamp\":1491867995631,\"properties\":{\"directionUnit\":\"DEGREE\",\"speedUnit\":\"METERS_PER_SEC\",\"eventUid\":\"Q0FNLUhZUDEwMTgtRiwxNDkxODY3OTk1NjMx\"},\"measures\":{\"direction\":-1.0,\"pedestrianCount\":31.0,\"speed\":4.225806}},{\"locationUid\":\"LOCATION-VPCDEV-30-1077-1-N\",\"assetUid\":\"CAM-HYP1018-F\",\"eventType\":\"PEDEVT\",\"timestamp\":1491868031631,\"properties\":{\"directionUnit\":\"DEGREE\",\"speedUnit\":\"METERS_PER_SEC\",\"eventUid\":\"Q0FNLUhZUDEwMTgtRiwxNDkxODY4MDMxNjMx\"},\"measures\":{\"direction\":-1.0,\"pedestrianCount\":30.0,\"speed\":3.9}},{\"locationUid\":\"LOCATION-VPCDEV-30-1077-1-N\",\"assetUid\":\"CAM-HYP1018-F\",\"eventType\":\"PEDEVT\",\"timestamp\":1491868075631,\"properties\":{\"directionUnit\":\"DEGREE\",\"speedUnit\":\"METERS_PER_SEC\",\"eventUid\":\"Q0FNLUhZUDEwMTgtRiwxNDkxODY4MDc1NjMx\"},\"measures\":{\"direction\":-1.0,\"pedestrianCount\":33.0,\"speed\":3.7878788}}],\"metaData\":{\"startTs\":\"1491634800000\",\"endTs\":\"1491868075631\",\"request_limit\":1000,\"totalRecords\":45,\"comment\":\"\"}}",
					"rawDataType": "text",
					"owner": 0
				}
			],
			"currentHelper": null,
			"helperAttributes": null
		},
		{
			"id": "3b815a20-41ad-99c3-daeb-a3a492dfa8ba",
			"headers": "Authorization: Bearer {{client_token}}\nPredix-Zone-Id: {{traffic_zone_id}}\n",
			"headerData": [
				{
					"key": "Authorization",
					"value": "Bearer {{client_token}}",
					"description": "",
					"enabled": true
				},
				{
					"key": "Predix-Zone-Id",
					"value": "{{traffic_zone_id}}",
					"description": "",
					"enabled": true
				}
			],
			"url": "{{eventurl}}/locations/{{traffic_loc}}/events?eventType=TFEVT&startTime={{startts}}&endTime={{endts}}",
			"queryParams": [
				{
					"key": "eventType",
					"value": "TFEVT",
					"equals": true,
					"description": "",
					"enabled": true
				},
				{
					"key": "startTime",
					"value": "{{startts}}",
					"equals": true,
					"description": "",
					"enabled": true
				},
				{
					"key": "endTime",
					"value": "{{endts}}",
					"equals": true,
					"description": "",
					"enabled": true
				}
			],
			"pathVariables": {},
			"pathVariableData": [],
			"method": "GET",
			"data": [],
			"dataMode": "params",
			"time": 1497909212445,
			"name": "Get TFEVT by locationId",
			"description": "",
			"collectionId": "382480e3-02ec-d89c-2bd8-7f732d85c833",
			"responses": [],
			"folder": "72a5b218-58eb-7a45-9641-26ea26a3071c",
			"collection_id": "382480e3-02ec-d89c-2bd8-7f732d85c833",
			"auth": null,
			"currentHelper": null,
			"helperAttributes": null
		},
		{
			"id": "4060c9ac-ff60-00da-df82-be6ee7f9b8b4",
			"headers": "Authorization: Bearer {{client_token}}\nPredix-Zone-Id: {{parking_zone_id}}\n",
			"headerData": [
				{
					"key": "Authorization",
					"value": "Bearer {{client_token}}",
					"description": "",
					"enabled": true
				},
				{
					"key": "Predix-Zone-Id",
					"value": "{{parking_zone_id}}",
					"description": "",
					"enabled": true
				}
			],
			"url": "{{eventurl}}/assets/{{parking_asset}}/events?eventType=PKIN&startTime={{startts}}&endTime={{endts}}",
			"queryParams": [
				{
					"key": "eventType",
					"value": "PKIN",
					"equals": true,
					"description": "",
					"enabled": true
				},
				{
					"key": "startTime",
					"value": "{{startts}}",
					"equals": true,
					"description": "",
					"enabled": true
				},
				{
					"key": "endTime",
					"value": "{{endts}}",
					"equals": true,
					"description": "",
					"enabled": true
				}
			],
			"pathVariables": {},
			"pathVariableData": [],
			"method": "GET",
			"data": [],
			"dataMode": "params",
			"time": 1497909152831,
			"name": "Get PKIN by assetId",
			"description": "",
			"collectionId": "382480e3-02ec-d89c-2bd8-7f732d85c833",
			"responses": [],
			"folder": "72a5b218-58eb-7a45-9641-26ea26a3071c",
			"collection_id": "382480e3-02ec-d89c-2bd8-7f732d85c833",
			"auth": null,
			"currentHelper": null,
			"helperAttributes": null
		},
		{
			"id": "4077b20b-8660-663d-6d99-8027fae560c9",
			"headers": "Authorization: Bearer {{client_token}}\nPredix-Zone-Id: {{traffic_zone_id}}\n",
			"headerData": [
				{
					"key": "Authorization",
					"value": "Bearer {{client_token}}",
					"description": "",
					"enabled": true
				},
				{
					"key": "Predix-Zone-Id",
					"value": "{{traffic_zone_id}}",
					"description": "",
					"enabled": true
				}
			],
			"url": "{{metadataurl}}/assets/search?bbox={{bbox}}&page=0&size=200&q=assetType:CAMERA",
			"queryParams": [
				{
					"key": "bbox",
					"value": "{{bbox}}",
					"equals": true,
					"description": "",
					"enabled": true
				},
				{
					"key": "page",
					"value": "0",
					"equals": true,
					"description": "",
					"enabled": true
				},
				{
					"key": "size",
					"value": "200",
					"equals": true,
					"description": "",
					"enabled": true
				},
				{
					"key": "q",
					"value": "assetType:CAMERA",
					"equals": true,
					"description": "",
					"enabled": true
				}
			],
			"pathVariables": {},
			"pathVariableData": [],
			"method": "GET",
			"data": [],
			"dataMode": "params",
			"time": 1501885062903,
			"name": "Get All Assets",
			"description": "",
			"collectionId": "382480e3-02ec-d89c-2bd8-7f732d85c833",
			"responses": [],
			"folder": "f99fe2e9-b514-591d-0862-656b99a99de6",
			"collection_id": "382480e3-02ec-d89c-2bd8-7f732d85c833",
			"auth": null,
			"currentHelper": null,
			"helperAttributes": null
		},
		{
			"id": "4745166c-541a-9aee-e382-51a3f4c919a5",
			"headers": "Authorization: Bearer {{client_token}}\nPredix-Zone-Id: {{traffic_zone_id}}\n",
			"headerData": [
				{
					"key": "Authorization",
					"value": "Bearer {{client_token}}",
					"description": "",
					"enabled": true
				},
				{
					"key": "Predix-Zone-Id",
					"value": "{{traffic_zone_id}}",
					"description": "",
					"enabled": true
				}
			],
			"url": "{{eventurl}}/assets/{{traffic_asset}}/events?eventType=TFEVT&startTime={{startts}}&endTime={{endts}}",
			"queryParams": [
				{
					"key": "eventType",
					"value": "TFEVT",
					"equals": true,
					"description": "",
					"enabled": true
				},
				{
					"key": "startTime",
					"value": "{{startts}}",
					"equals": true,
					"description": "",
					"enabled": true
				},
				{
					"key": "endTime",
					"value": "{{endts}}",
					"equals": true,
					"description": "",
					"enabled": true
				}
			],
			"pathVariables": {},
			"pathVariableData": [],
			"method": "GET",
			"data": [],
			"dataMode": "params",
			"time": 1497909205549,
			"name": "Get TFEVT by assetId",
			"description": "",
			"collectionId": "382480e3-02ec-d89c-2bd8-7f732d85c833",
			"responses": [],
			"folder": "72a5b218-58eb-7a45-9641-26ea26a3071c",
			"collection_id": "382480e3-02ec-d89c-2bd8-7f732d85c833",
			"auth": null,
			"currentHelper": null,
			"helperAttributes": null
		},
		{
			"id": "563f36da-9e28-4d73-e887-522ec4af6b83",
			"headers": "Authorization: Basic aWMuc3RhZ2Uuc2ltLmRldmVsb3A6ZGV2\n//Content-Type: application/x-www-form-urlencoded\n",
			"headerData": [
				{
					"key": "Authorization",
					"value": "Basic aWMuc3RhZ2Uuc2ltLmRldmVsb3A6ZGV2",
					"description": "",
					"enabled": true
				},
				{
					"key": "Content-Type",
					"value": "application/x-www-form-urlencoded",
					"description": "",
					"enabled": false
				}
			],
			"url": "{{UAAURL}}?grant_type=client_credentials",
			"folder": "d0c9dec5-97e3-aca5-1e9b-3390b940784c",
			"queryParams": [
				{
					"key": "grant_type",
					"value": "client_credentials",
					"equals": true,
					"description": "",
					"enabled": true
				}
			],
			"events": [
				{
					"listen": "test",
					"script": {
						"id": "888ced7c-8c64-4d1a-8bfa-b77197654fa4",
						"type": "text/javascript",
						"exec": [
							"var data = JSON.parse(responseBody);",
							"postman.setEnvironmentVariable(\"client_token\", data.access_token);"
						]
					}
				},
				{
					"listen": "prerequest",
					"script": {
						"id": "51db22f0-3e4d-45d4-9ae5-5a9b13379623",
						"type": "text/javascript",
						"exec": [
							"var current = (new Date).getTime();",
							"var start = (current - (86400 * 1000));",
							"var end = (current + (86400 * 1000 * 5));",
							"postman.setEnvironmentVariable(\"startts\", start);",
							"postman.setEnvironmentVariable(\"endts\", end);"
						]
					}
				}
			],
			"pathVariables": {},
			"pathVariableData": [],
			"method": "GET",
			"data": [
				{
					"key": "username",
					"value": "ic.admin",
					"type": "text",
					"enabled": true
				},
				{
					"key": "password",
					"value": "admin",
					"type": "text",
					"enabled": true
				}
			],
			"dataMode": "urlencoded",
			"auth": {
				"type": "basic",
				"basic": [
					{
						"key": "username",
						"value": "{{client}}",
						"type": "string"
					},
					{
						"key": "password",
						"value": "{{pwd}}",
						"type": "string"
					},
					{
						"key": "saveHelperData",
						"value": true,
						"type": "boolean"
					},
					{
						"key": "showPassword",
						"value": false,
						"type": "boolean"
					}
				]
			},
			"time": 1517273785589,
			"name": "Get client Token",
			"description": "",
			"collectionId": "382480e3-02ec-d89c-2bd8-7f732d85c833",
			"responses": [],
			"preRequestScript": "var current = (new Date).getTime();\nvar start = (current - (86400 * 1000));\nvar end = (current + (86400 * 1000 * 5));\npostman.setEnvironmentVariable(\"startts\", start);\npostman.setEnvironmentVariable(\"endts\", end);",
			"tests": "var data = JSON.parse(responseBody);\npostman.setEnvironmentVariable(\"client_token\", data.access_token);",
			"currentHelper": "basicAuth",
			"helperAttributes": {
				"id": "basic",
				"username": "{{client}}",
				"password": "{{pwd}}",
				"saveToRequest": true
			}
		},
		{
			"id": "5ccca5c2-02c0-3ca6-d4e5-eaa6b1dbf799",
			"headers": "Authorization: Bearer {{client_token}}\nPredix-Zone-Id: {{traffic_zone_id}}\n",
			"headerData": [
				{
					"key": "Authorization",
					"value": "Bearer {{client_token}}",
					"description": "",
					"enabled": true
				},
				{
					"key": "Predix-Zone-Id",
					"value": "{{traffic_zone_id}}",
					"description": "",
					"enabled": true
				}
			],
			"url": "{{metadataurl}}/locations/{{traffic_loc}}/assets",
			"folder": "f99fe2e9-b514-591d-0862-656b99a99de6",
			"queryParams": [],
			"events": [],
			"pathVariables": {},
			"pathVariableData": [],
			"method": "GET",
			"data": [],
			"dataMode": "params",
			"auth": null,
			"time": 1518742972144,
			"name": "Get Location-->Asset list",
			"description": "",
			"collectionId": "382480e3-02ec-d89c-2bd8-7f732d85c833",
			"responses": [],
			"currentHelper": null,
			"helperAttributes": null
		},
		{
			"id": "5f3e789f-2a89-f9de-4cfd-b43541af46d8",
			"headers": "Authorization: Bearer {{client_token}}\nPredix-Zone-Id: {{parking_zone_id}}\n",
			"headerData": [
				{
					"key": "Authorization",
					"value": "Bearer {{client_token}}",
					"description": "",
					"enabled": true
				},
				{
					"key": "Predix-Zone-Id",
					"value": "{{parking_zone_id}}",
					"description": "",
					"enabled": true
				}
			],
			"url": "{{eventurl}}/locations/{{parking_loc}}/events?eventType=PKOUT&startTime={{startts}}&endTime={{endts}}",
			"queryParams": [
				{
					"key": "eventType",
					"value": "PKOUT",
					"equals": true,
					"description": "",
					"enabled": true
				},
				{
					"key": "startTime",
					"value": "{{startts}}",
					"equals": true,
					"description": "",
					"enabled": true
				},
				{
					"key": "endTime",
					"value": "{{endts}}",
					"equals": true,
					"description": "",
					"enabled": true
				}
			],
			"pathVariables": {},
			"pathVariableData": [],
			"method": "GET",
			"data": [],
			"dataMode": "params",
			"time": 1497909196061,
			"name": "Get PKOUT by locationId",
			"description": "",
			"collectionId": "382480e3-02ec-d89c-2bd8-7f732d85c833",
			"responses": [],
			"folder": "72a5b218-58eb-7a45-9641-26ea26a3071c",
			"collection_id": "382480e3-02ec-d89c-2bd8-7f732d85c833",
			"auth": null,
			"currentHelper": null,
			"helperAttributes": null
		},
		{
			"id": "7cc49865-4796-dcf6-0122-0401ef30e31e",
			"headers": "Authorization: Bearer {{client_token}}\nPredix-Zone-Id: {{env_zone_id}}\n",
			"headerData": [
				{
					"key": "Authorization",
					"value": "Bearer {{client_token}}",
					"description": "",
					"enabled": true
				},
				{
					"key": "Predix-Zone-Id",
					"value": "{{env_zone_id}}",
					"description": "",
					"enabled": true
				}
			],
			"url": "{{eventurl}}/assets/{{env_asset}}/events?eventType=TEMPERATURE&startTime={{startts}}&endTime={{endts}}",
			"folder": "72a5b218-58eb-7a45-9641-26ea26a3071c",
			"queryParams": [
				{
					"key": "eventType",
					"value": "TEMPERATURE",
					"equals": true,
					"description": "",
					"enabled": true
				},
				{
					"key": "startTime",
					"value": "{{startts}}",
					"equals": true,
					"description": "",
					"enabled": true
				},
				{
					"key": "endTime",
					"value": "{{endts}}",
					"equals": true,
					"description": "",
					"enabled": true
				}
			],
			"events": [],
			"pathVariables": {},
			"pathVariableData": [],
			"method": "GET",
			"data": [],
			"dataMode": "params",
			"auth": null,
			"time": 1518742825189,
			"name": "Get TEMPERATURE by assetId",
			"description": "",
			"collectionId": "382480e3-02ec-d89c-2bd8-7f732d85c833",
			"responses": [],
			"currentHelper": null,
			"helperAttributes": null
		},
		{
			"id": "851cef78-537c-b680-6aa7-865ba37e312c",
			"headers": "Authorization: Bearer {{client_token}}\nPredix-Zone-Id: {{image_zone_id}}\n",
			"headerData": [
				{
					"key": "Authorization",
					"value": "Bearer {{client_token}}",
					"description": "",
					"enabled": true
				},
				{
					"key": "Predix-Zone-Id",
					"value": "{{image_zone_id}}",
					"description": "",
					"enabled": true
				}
			],
			"url": "###     PASTE  url  here   ### ",
			"folder": "4147d8ea-415a-0d46-951b-b184a6e104f2",
			"queryParams": [],
			"events": [],
			"pathVariables": {},
			"pathVariableData": [],
			"method": "GET",
			"data": [],
			"dataMode": "params",
			"auth": null,
			"time": 1517274372086,
			"name": "(step 3) If Sussess-paste url here (do send & download)",
			"description": "",
			"collectionId": "382480e3-02ec-d89c-2bd8-7f732d85c833",
			"responses": [],
			"currentHelper": null,
			"helperAttributes": null
		},
		{
			"id": "87158775-b447-485e-145d-e7a00583aff9",
			"headers": "Authorization: Bearer {{client_token}}\nPredix-Zone-Id: {{video_zone_id}}\n",
			"headerData": [
				{
					"key": "Authorization",
					"value": "Bearer {{client_token}}",
					"description": "",
					"enabled": true
				},
				{
					"key": "Predix-Zone-Id",
					"value": "{{video_zone_id}}",
					"description": "",
					"enabled": true
				}
			],
			"url": "{{mediaurl}}/ondemand/locations/{{traffic_loc}}/media?mediaType=VIDEO&timestamp={{startts}}",
			"folder": "4147d8ea-415a-0d46-951b-b184a6e104f2",
			"queryParams": [
				{
					"key": "mediaType",
					"value": "VIDEO",
					"equals": true,
					"description": "",
					"enabled": true
				},
				{
					"key": "timestamp",
					"value": "{{startts}}",
					"equals": true,
					"description": "",
					"enabled": true
				}
			],
			"events": [],
			"pathVariables": {},
			"pathVariableData": [],
			"method": "GET",
			"data": [],
			"dataMode": "params",
			"auth": null,
			"time": 1517274461353,
			"name": "(step 1) Get Video mediaOnDemand Location",
			"description": "",
			"collectionId": "382480e3-02ec-d89c-2bd8-7f732d85c833",
			"responses": [],
			"currentHelper": null,
			"helperAttributes": null
		},
		{
			"id": "920bccbc-350a-b059-f298-ab795321ef7d",
			"headers": "Authorization: Bearer {{client_token}}\nPredix-Zone-Id: {{parking_zone_id}}\n",
			"headerData": [
				{
					"key": "Authorization",
					"value": "Bearer {{client_token}}",
					"description": "",
					"enabled": true
				},
				{
					"key": "Predix-Zone-Id",
					"value": "{{parking_zone_id}}",
					"description": "",
					"enabled": true
				}
			],
			"url": "{{eventurl}}/locations/events?bbox={{bbox}}&locationType=PARKING_ZONE&eventType=PKOUT&startTime={{startts}}&endTime={{endts}}",
			"queryParams": [
				{
					"key": "bbox",
					"value": "{{bbox}}",
					"equals": true,
					"description": "",
					"enabled": true
				},
				{
					"key": "locationType",
					"value": "PARKING_ZONE",
					"equals": true,
					"description": "",
					"enabled": true
				},
				{
					"key": "eventType",
					"value": "PKOUT",
					"equals": true,
					"description": "",
					"enabled": true
				},
				{
					"key": "startTime",
					"value": "{{startts}}",
					"equals": true,
					"description": "",
					"enabled": true
				},
				{
					"key": "endTime",
					"value": "{{endts}}",
					"equals": true,
					"description": "",
					"enabled": true
				}
			],
			"pathVariables": {},
			"pathVariableData": [],
			"method": "GET",
			"data": [],
			"dataMode": "params",
			"time": 1497909190182,
			"name": "Get PKOUT by bbox",
			"description": "",
			"collectionId": "382480e3-02ec-d89c-2bd8-7f732d85c833",
			"responses": [],
			"folder": "72a5b218-58eb-7a45-9641-26ea26a3071c",
			"collection_id": "382480e3-02ec-d89c-2bd8-7f732d85c833",
			"auth": null,
			"currentHelper": null,
			"helperAttributes": null
		},
		{
			"id": "928ad881-c10e-4703-6693-8918dba8ea04",
			"headers": "Authorization: Bearer {{client_token}}\nPredix-Zone-Id: {{audio_zone_id}}\n",
			"headerData": [
				{
					"key": "Authorization",
					"value": "Bearer {{client_token}}",
					"description": "",
					"enabled": true
				},
				{
					"key": "Predix-Zone-Id",
					"value": "{{audio_zone_id}}",
					"description": "",
					"enabled": true
				}
			],
			"url": "{{mediaurl}}/ondemand/assets/{{audio_asset}}/media?mediaType=AUDIO&timestamp={{startts}}",
			"folder": "4147d8ea-415a-0d46-951b-b184a6e104f2",
			"queryParams": [
				{
					"key": "mediaType",
					"value": "AUDIO",
					"equals": true,
					"description": "",
					"enabled": true
				},
				{
					"key": "timestamp",
					"value": "{{startts}}",
					"equals": true,
					"description": "",
					"enabled": true
				}
			],
			"events": [],
			"pathVariables": {},
			"pathVariableData": [],
			"method": "GET",
			"data": [],
			"dataMode": "params",
			"auth": null,
			"time": 1517274785036,
			"name": "restricted (step 1) Get Audio mediaOnDemand Asset",
			"description": "",
			"collectionId": "382480e3-02ec-d89c-2bd8-7f732d85c833",
			"responses": [],
			"currentHelper": null,
			"helperAttributes": null
		},
		{
			"id": "a5a64edf-3c49-c206-6e45-19310c3854ca",
			"headers": "Authorization: Bearer {{client_token}}\nPredix-Zone-Id: {{parking_zone_id}}\n",
			"headerData": [
				{
					"key": "Authorization",
					"value": "Bearer {{client_token}}",
					"description": "",
					"enabled": true
				},
				{
					"key": "Predix-Zone-Id",
					"value": "{{parking_zone_id}}",
					"description": "",
					"enabled": true
				}
			],
			"url": "{{eventurl}}/assets/{{parking_asset}}/events?eventType=PKOUT&startTime={{startts}}&endTime={{endts}}",
			"queryParams": [
				{
					"key": "eventType",
					"value": "PKOUT",
					"equals": true,
					"description": "",
					"enabled": true
				},
				{
					"key": "startTime",
					"value": "{{startts}}",
					"equals": true,
					"description": "",
					"enabled": true
				},
				{
					"key": "endTime",
					"value": "{{endts}}",
					"equals": true,
					"description": "",
					"enabled": true
				}
			],
			"pathVariables": {},
			"pathVariableData": [],
			"method": "GET",
			"data": [],
			"dataMode": "params",
			"time": 1497909183261,
			"name": "Get PKOUT by assetId",
			"description": "",
			"collectionId": "382480e3-02ec-d89c-2bd8-7f732d85c833",
			"responses": [],
			"folder": "72a5b218-58eb-7a45-9641-26ea26a3071c",
			"collection_id": "382480e3-02ec-d89c-2bd8-7f732d85c833",
			"auth": null,
			"currentHelper": null,
			"helperAttributes": null
		},
		{
			"id": "b09b7d81-31e5-d07b-1d69-34bb463cb9c1",
			"headers": "Authorization: Bearer {{client_token}}\nPredix-Zone-Id: {{parking_zone_id}}\n",
			"headerData": [
				{
					"key": "Authorization",
					"value": "Bearer {{client_token}}",
					"description": "",
					"enabled": true
				},
				{
					"key": "Predix-Zone-Id",
					"value": "{{parking_zone_id}}",
					"description": "",
					"enabled": true
				}
			],
			"url": "{{eventurl}}/locations/events?bbox={{bbox}}&locationType=PARKING_ZONE&eventType=PKIN&startTime={{startts}}&endTime={{endts}}",
			"queryParams": [
				{
					"key": "bbox",
					"value": "{{bbox}}",
					"equals": true,
					"description": "",
					"enabled": true
				},
				{
					"key": "locationType",
					"value": "PARKING_ZONE",
					"equals": true,
					"description": "",
					"enabled": true
				},
				{
					"key": "eventType",
					"value": "PKIN",
					"equals": true,
					"description": "",
					"enabled": true
				},
				{
					"key": "startTime",
					"value": "{{startts}}",
					"equals": true,
					"description": "",
					"enabled": true
				},
				{
					"key": "endTime",
					"value": "{{endts}}",
					"equals": true,
					"description": "",
					"enabled": true
				}
			],
			"pathVariables": {},
			"pathVariableData": [],
			"method": "GET",
			"data": [],
			"dataMode": "params",
			"time": 1497909168854,
			"name": "Get PKIN by bbox",
			"description": "",
			"collectionId": "382480e3-02ec-d89c-2bd8-7f732d85c833",
			"responses": [],
			"folder": "72a5b218-58eb-7a45-9641-26ea26a3071c",
			"collection_id": "382480e3-02ec-d89c-2bd8-7f732d85c833",
			"auth": null,
			"currentHelper": null,
			"helperAttributes": null
		},
		{
			"id": "b5274e1e-f339-ea45-23aa-b6bdaa4bddf8",
			"headers": "Authorization: Bearer {{client_token}}\nPredix-Zone-Id: {{traffic_zone_id}}\n",
			"headerData": [
				{
					"key": "Authorization",
					"value": "Bearer {{client_token}}",
					"description": "",
					"enabled": true
				},
				{
					"key": "Predix-Zone-Id",
					"value": "{{traffic_zone_id}}",
					"description": "",
					"enabled": true
				}
			],
			"url": "{{eventurl}}/locations/events?eventType=TFEVT&bbox={{bbox}}&locationType=TRAFFIC_LANE&startTime={{startts}}&endTime={{endts}}",
			"queryParams": [
				{
					"key": "eventType",
					"value": "TFEVT",
					"equals": true,
					"description": "",
					"enabled": true
				},
				{
					"key": "bbox",
					"value": "{{bbox}}",
					"equals": true,
					"description": "",
					"enabled": true
				},
				{
					"key": "locationType",
					"value": "TRAFFIC_LANE",
					"equals": true,
					"description": "",
					"enabled": true
				},
				{
					"key": "startTime",
					"value": "{{startts}}",
					"equals": true,
					"description": "",
					"enabled": true
				},
				{
					"key": "endTime",
					"value": "{{endts}}",
					"equals": true,
					"description": "",
					"enabled": true
				}
			],
			"pathVariables": {},
			"pathVariableData": [],
			"method": "GET",
			"data": [],
			"dataMode": "params",
			"time": 1497909218141,
			"name": "Get TFEVT by bbox",
			"description": "",
			"collectionId": "382480e3-02ec-d89c-2bd8-7f732d85c833",
			"responses": [],
			"folder": "72a5b218-58eb-7a45-9641-26ea26a3071c",
			"collection_id": "382480e3-02ec-d89c-2bd8-7f732d85c833",
			"auth": null,
			"currentHelper": null,
			"helperAttributes": null
		},
		{
			"id": "bcca23af-f841-c9bd-207b-53cea61bfaab",
			"headers": "Authorization: Bearer {{client_token}}\nPredix-Zone-Id: {{env_zone_id}}\n",
			"headerData": [
				{
					"key": "Authorization",
					"value": "Bearer {{client_token}}",
					"description": "",
					"enabled": true
				},
				{
					"key": "Predix-Zone-Id",
					"value": "{{env_zone_id}}",
					"description": "",
					"enabled": true
				}
			],
			"url": "{{eventurl}}/assets/{{env_asset}}/events?eventType=HUMIDITY&startTime={{startts}}&endTime={{endts}}",
			"folder": "72a5b218-58eb-7a45-9641-26ea26a3071c",
			"queryParams": [
				{
					"key": "eventType",
					"value": "HUMIDITY",
					"equals": true,
					"description": "",
					"enabled": true
				},
				{
					"key": "startTime",
					"value": "{{startts}}",
					"equals": true,
					"description": "",
					"enabled": true
				},
				{
					"key": "endTime",
					"value": "{{endts}}",
					"equals": true,
					"description": "",
					"enabled": true
				}
			],
			"events": [],
			"pathVariables": {},
			"pathVariableData": [],
			"method": "GET",
			"data": [],
			"dataMode": "params",
			"auth": null,
			"time": 1518742827514,
			"name": "Get HUMIDITY by assetId",
			"description": "",
			"collectionId": "382480e3-02ec-d89c-2bd8-7f732d85c833",
			"responses": [],
			"currentHelper": null,
			"helperAttributes": null
		},
		{
			"id": "c3746307-0238-3840-2245-b4de51166a0d",
			"headers": "Authorization: Bearer {{client_token}}\nPredix-Zone-Id: {{ped_zone_id}}\n",
			"headerData": [
				{
					"key": "Authorization",
					"value": "Bearer {{client_token}}",
					"description": "",
					"enabled": true
				},
				{
					"key": "Predix-Zone-Id",
					"value": "{{ped_zone_id}}",
					"description": "",
					"enabled": true
				}
			],
			"url": "{{eventurl}}/locations/{{ped_loc}}/events?eventType=PEDEVT&startTime={{startts}}&endTime={{endts}}",
			"queryParams": [
				{
					"key": "eventType",
					"value": "PEDEVT",
					"equals": true,
					"description": "",
					"enabled": true
				},
				{
					"key": "startTime",
					"value": "{{startts}}",
					"equals": true,
					"description": "",
					"enabled": true
				},
				{
					"key": "endTime",
					"value": "{{endts}}",
					"equals": true,
					"description": "",
					"enabled": true
				}
			],
			"pathVariables": {},
			"pathVariableData": [],
			"method": "GET",
			"data": [],
			"dataMode": "params",
			"time": 1497909229637,
			"name": "Get PEDEVT by locationId",
			"description": "",
			"collectionId": "382480e3-02ec-d89c-2bd8-7f732d85c833",
			"responses": [],
			"folder": "72a5b218-58eb-7a45-9641-26ea26a3071c",
			"collection_id": "382480e3-02ec-d89c-2bd8-7f732d85c833",
			"auth": null,
			"currentHelper": null,
			"helperAttributes": null
		},
		{
			"id": "c8fe9ec3-6adb-8a74-cac0-1cc716357843",
			"headers": "Authorization: Bearer {{client_token}}\nPredix-Zone-Id: {{image_zone_id}}\n",
			"headerData": [
				{
					"key": "Authorization",
					"value": "Bearer {{client_token}}",
					"description": "",
					"enabled": true
				},
				{
					"key": "Predix-Zone-Id",
					"value": "{{image_zone_id}}",
					"description": "",
					"enabled": true
				}
			],
			"url": "###     PASTE  pollUrl  here   ### ",
			"folder": "4147d8ea-415a-0d46-951b-b184a6e104f2",
			"queryParams": [],
			"events": [],
			"pathVariables": {},
			"pathVariableData": [],
			"method": "GET",
			"data": [],
			"dataMode": "params",
			"auth": null,
			"time": 1517274364375,
			"name": "(step 2) After getMedia-paste pollUrl here",
			"description": "",
			"collectionId": "382480e3-02ec-d89c-2bd8-7f732d85c833",
			"responses": [],
			"currentHelper": null,
			"helperAttributes": null
		},
		{
			"id": "cbee07d4-2f3a-f2a1-2bae-801c468d4add",
			"headers": "Authorization: Bearer {{client_token}}\nPredix-Zone-Id: {{traffic_zone_id}}\n",
			"headerData": [
				{
					"key": "Authorization",
					"value": "Bearer {{client_token}}",
					"description": "",
					"enabled": true
				},
				{
					"key": "Predix-Zone-Id",
					"value": "{{traffic_zone_id}}",
					"description": "",
					"enabled": true
				}
			],
			"url": "{{metadataurl}}/locations/search?q=locationType:TRAFFIC_LANE&bbox={{bbox}}&page=0&size=50",
			"queryParams": [
				{
					"key": "q",
					"value": "locationType:TRAFFIC_LANE",
					"equals": true,
					"description": "",
					"enabled": true
				},
				{
					"key": "bbox",
					"value": "{{bbox}}",
					"equals": true,
					"description": "",
					"enabled": true
				},
				{
					"key": "page",
					"value": "0",
					"equals": true,
					"description": "",
					"enabled": true
				},
				{
					"key": "size",
					"value": "50",
					"equals": true,
					"description": "",
					"enabled": true
				}
			],
			"pathVariables": {},
			"pathVariableData": [],
			"method": "GET",
			"data": [],
			"dataMode": "params",
			"time": 1502149096843,
			"name": "Get All Locations",
			"description": "",
			"collectionId": "382480e3-02ec-d89c-2bd8-7f732d85c833",
			"responses": [],
			"folder": "f99fe2e9-b514-591d-0862-656b99a99de6",
			"collection_id": "382480e3-02ec-d89c-2bd8-7f732d85c833",
			"auth": null,
			"currentHelper": null,
			"helperAttributes": null
		},
		{
			"id": "def8b8ac-6cd6-0ac5-a38a-8264586fa636",
			"headers": "Authorization: Bearer {{client_token}}\nPredix-Zone-Id: {{parking_zone_id}}\n",
			"headerData": [
				{
					"key": "Authorization",
					"value": "Bearer {{client_token}}",
					"description": "",
					"enabled": true
				},
				{
					"key": "Predix-Zone-Id",
					"value": "{{parking_zone_id}}",
					"description": "",
					"enabled": true
				}
			],
			"url": "{{eventurl}}/locations/{{parking_loc}}/events?eventType=PKIN&startTime={{startts}}&endTime={{endts}}",
			"queryParams": [
				{
					"key": "eventType",
					"value": "PKIN",
					"equals": true,
					"description": "",
					"enabled": true
				},
				{
					"key": "startTime",
					"value": "{{startts}}",
					"equals": true,
					"description": "",
					"enabled": true
				},
				{
					"key": "endTime",
					"value": "{{endts}}",
					"equals": true,
					"description": "",
					"enabled": true
				}
			],
			"pathVariables": {},
			"pathVariableData": [],
			"method": "GET",
			"data": [],
			"dataMode": "params",
			"time": 1497909174206,
			"name": "Get PKIN by locationId",
			"description": "",
			"collectionId": "382480e3-02ec-d89c-2bd8-7f732d85c833",
			"responses": [],
			"folder": "72a5b218-58eb-7a45-9641-26ea26a3071c",
			"collection_id": "382480e3-02ec-d89c-2bd8-7f732d85c833",
			"auth": null,
			"currentHelper": null,
			"helperAttributes": null
		},
		{
			"id": "e33e2bf8-65a7-3d96-5ab7-f9aa9a114ac9",
			"headers": "Authorization: Bearer {{client_token}}\nPredix-Zone-Id: {{image_zone_id}}\n",
			"headerData": [
				{
					"key": "Authorization",
					"value": "Bearer {{client_token}}",
					"description": "",
					"enabled": true
				},
				{
					"key": "Predix-Zone-Id",
					"value": "{{image_zone_id}}",
					"description": "",
					"enabled": true
				}
			],
			"url": "{{mediaurl}}/ondemand/assets/{{traffic_asset}}/media?mediaType=IMAGE&timestamp={{startts}}",
			"folder": "4147d8ea-415a-0d46-951b-b184a6e104f2",
			"queryParams": [
				{
					"key": "mediaType",
					"value": "IMAGE",
					"equals": true,
					"description": "",
					"enabled": true
				},
				{
					"key": "timestamp",
					"value": "{{startts}}",
					"equals": true,
					"description": "",
					"enabled": true
				}
			],
			"events": [],
			"pathVariables": {},
			"pathVariableData": [],
			"method": "GET",
			"data": [],
			"dataMode": "params",
			"auth": null,
			"time": 1516989500091,
			"name": "(step 1) Get Image mediaOnDemand Asset",
			"description": "",
			"collectionId": "382480e3-02ec-d89c-2bd8-7f732d85c833",
			"responses": [],
			"currentHelper": null,
			"helperAttributes": null
		},
		{
			"id": "ea54e667-cc74-1de0-02bc-e821bb64fd2a",
			"headers": "Authorization: Bearer {{client_token}}\nPredix-Zone-Id: {{ped_zone_id}}\n",
			"headerData": [
				{
					"key": "Authorization",
					"value": "Bearer {{client_token}}",
					"description": "",
					"enabled": true
				},
				{
					"key": "Predix-Zone-Id",
					"value": "{{ped_zone_id}}",
					"description": "",
					"enabled": true
				}
			],
			"url": "{{eventurl}}/locations/events?eventType=PEDEVT&bbox={{bbox}}&locationType=WALKWAY&startTime={{startts}}&endTime={{endts}}",
			"queryParams": [
				{
					"key": "eventType",
					"value": "PEDEVT",
					"equals": true,
					"description": "",
					"enabled": true
				},
				{
					"key": "bbox",
					"value": "{{bbox}}",
					"equals": true,
					"description": "",
					"enabled": true
				},
				{
					"key": "locationType",
					"value": "WALKWAY",
					"equals": true,
					"description": "",
					"enabled": true
				},
				{
					"key": "startTime",
					"value": "{{startts}}",
					"equals": true,
					"description": "",
					"enabled": true
				},
				{
					"key": "endTime",
					"value": "{{endts}}",
					"equals": true,
					"description": "",
					"enabled": true
				}
			],
			"pathVariables": {},
			"pathVariableData": [],
			"method": "GET",
			"data": [],
			"dataMode": "params",
			"time": 1497909234988,
			"name": "Get PEDEVT by bbox",
			"description": "",
			"collectionId": "382480e3-02ec-d89c-2bd8-7f732d85c833",
			"responses": [],
			"folder": "72a5b218-58eb-7a45-9641-26ea26a3071c",
			"collection_id": "382480e3-02ec-d89c-2bd8-7f732d85c833",
			"auth": null,
			"currentHelper": null,
			"helperAttributes": null
		}
	]
}