{
  "id": "23582666-234b-8226-e1e7-3fa7279ef75b",
  "name": "VPC-IC-PROD-sdhack",
  "values": [
    {
      "enabled": true,
      "key": "client_token",
      "value": "",
      "type": "text"
    },
    {
      "enabled": true,
      "key": "UAAURL",
      "value": "https://624eff02-dbb1-4c6c-90bc-fa85a29e5fa8.predix-uaa.run.aws-usw02-pr.ice.predix.io/oauth/token",
      "type": "text"
    },
    {
      "enabled": true,
      "key": "metadataurl",
      "value": "https://ic-metadata-service-sdhack.run.aws-usw02-pr.ice.predix.io/v2/metadata",
      "type": "text"
    },
    {
      "enabled": true,
      "key": "eventurl",
      "value": "https://ic-event-service-sdhack.run.aws-usw02-pr.ice.predix.io/v2",
      "type": "text"
    },
    {
      "enabled": true,
      "key": "mediaurl",
      "value": "https://ic-media-service-sdhack.run.aws-usw02-pr.ice.predix.io/v2/mediastore",
      "type": "text"
    },
    {
      "enabled": true,
      "key": "adminurl",
      "value": "https://ie-admin-service-ic-base-prod.run.aws-usw02-pr.ice.predix.io",
      "type": "text"
    },
    {
      "enabled": true,
      "key": "traffic_zone_id",
      "value": "SD-IE-TRAFFIC",
      "type": "text"
    },
    {
      "enabled": true,
      "key": "parking_zone_id",
      "value": "SD-IE-PARKING",
      "type": "text"
    },
    {
      "enabled": true,
      "key": "ped_zone_id",
      "value": "SD-IE-PEDESTRIAN",
      "type": "text"
    },
    {
      "enabled": true,
      "key": "image_zone_id",
      "value": "SD-IE-IMAGE",
      "type": "text"
    },
    {
      "enabled": true,
      "key": "video_zone_id",
      "value": "SD-IE-VIDEO",
      "type": "text"
    },
    {
      "enabled": true,
      "key": "audio_zone_id",
      "value": "SD-IE-AUDIO",
      "type": "text"
    },
    {
      "enabled": true,
      "key": "env_zone_id",
      "value": "SD-IE-ENVIRONMENTAL",
      "type": "text"
    },
    {
      "enabled": true,
      "key": "node",
      "value": "cdf0bfca-46ab-47e0-b7ed-35f8050c87e2",
      "type": "text"
    },
    {
      "enabled": true,
      "key": "traffic_asset",
      "value": "522de83f-e524-4f76-80f0-463d3815b7a4",
      "type": "text"
    },
    {
      "enabled": true,
      "key": "parking_asset",
      "value": "e4443e1f-f3b1-45bd-92fc-3fe6d8cd0a73",
      "type": "text"
    },
    {
      "enabled": true,
      "key": "ped_asset",
      "value": "321515ca-ef9c-437f-89d3-3ba3ed3121e8",
      "type": "text"
    },
    {
      "enabled": true,
      "key": "env_asset",
      "value": "b2c54ad5-32f3-4117-8237-29cb92bfdbe8",
      "type": "text"
    },
    {
      "enabled": true,
      "key": "image_asset",
      "value": "ddc2374a-a11e-43ea-ad20-95c2dd91aefb",
      "type": "text"
    },
    {
      "enabled": true,
      "key": "video_asset",
      "value": "ddc2374a-a11e-43ea-ad20-95c2dd91aefb",
      "type": "text"
    },
    {
      "enabled": true,
      "key": "audio_asset",
      "value": "",
      "type": "text"
    },
    {
      "enabled": true,
      "key": "bbox",
      "value": "33.077762:-117.663817,32.559574:-116.584410",
      "type": "text"
    },
    {
      "enabled": true,
      "key": "parking_loc",
      "value": "fbc0c37b8307f1c2d4412354d5e0c5ca",
      "type": "text"
    },
    {
      "enabled": true,
      "key": "traffic_loc",
      "value": "bc2be51d",
      "type": "text"
    },
    {
      "enabled": true,
      "key": "ped_loc",
      "value": "a05d851d",
      "type": "text"
    },
    {
      "enabled": true,
      "key": "client",
      "value": "sd.hackathon",
      "type": "text"
    },
    {
      "enabled": true,
      "key": "pwd",
      "value": "EQP@E@i4v6",
      "type": "text"
    },
    {
      "enabled": true,
      "key": "startts",
      "value": "1518656522787",
      "type": "text"
    },
    {
      "enabled": true,
      "key": "endts",
      "value": "1519174922787",
      "type": "text"
    }
  ],
  "timestamp": 1518743078091,
  "_postman_variable_scope": "environment",
  "_postman_exported_at": "2018-02-16T01:04:51.331Z",
  "_postman_exported_using": "Postman/5.5.0"
}